"INVOICE_CODE","ITEM_CODE","AMOUNT","QUANTITY"
"928826159790807DOFIbKspyRXqVYz","44074762304676969713qDUwcmnGYZ","71.42","21"
"940100768722954LlTeJGChzroOtXd","76972549320830900862gQXnEalbRs","80.77","25"
"885306689661603ETgOaicMUYBRGjv","21846701955623066699KpuDYzmsWA","12.82","23"
"518507768543519YwUTIDgSqaXOPrj","15943865514613990009sBEvUdCrfm","99.74","7"
"125849328448291vBtdUjhbzsXxDlq","90788289235700647170QdyPSBfJWK","21.48","7"
"855474598612788tqdDjwpyBTrhQem","71064675444057148149cvWXrbjVDU","50.37","5"
"643314901159315NBzWqbwfQmsDkKH","66815697117584980341texiyhTAPj","53.93","9"
"436917192594392bltZfwgrjTNchLA","74567633645754135804UGBkpZrYTe","69.44","9"
"621602446132829kVtoUmxIsPBWXAw","68422361945500294509mGSRAUXYfH","98.91","4"
"760795891418027WQyhgHCfovlDBLw","15226563578747348429UGFldYfvxN","61.53","11"
"633805890083026RlGxPMdaWXYAthb","39212231232046237358KJzUXFVOrs","48.05","5"
"699500818613811iGbdQTVnYkKEpre","88590485399981452224qdRlTAUMNj","26.97","11"
"272016401653670TKlJIarHLnUxgph","00665309360412383636BJfgONmlSq","95.49","2"
"506784678653306MrJzkcIHSFaEvnd","30664488128246940727MeJNFHdBas","30.16","4"
"038659661298590aDHEoyOnRbQBNKv","24935462030743823529IcoBfpxTVE","33.92","1"
"302050433393057SPyjKZsiTuLfgaw","48703347113072845217mcRvWpyTIQ","59.44","12"
"580960015227698jYSpLcVfUkFBuDy","31297948736443273175CWxdnoaiLZ","81.04","23"
"656498086058023eUvcBVAqJGdMlpK","11697517638235592509lDpzRTXNhJ","81.42","10"
"821852933617916fhoTXsbZPrgizUq","71320925924042321995wlZRFyjYUW","95.74","6"
"525030758299460KObJqVLMXHIStdE","95976748398317326876JxyunhVFiB","92.29","21"
"294153898330361UhZamAPktyHvdew","40767508495782874457jSwnbYiOmE","28.6","7"
"867570492317660GtwQOfrNmEbBPVx","69864355057315225784VFyoMavdfI","49.02","6"
"042632568210734atOPZignGefkTrj","31923057672519676492PtNOHhpSQn","34.32","4"
"098559239113833gDfymWrIBUXHKVo","16837308559416093944GBJtUgRThK","51.05","19"
"764440932240048wmJVehxFAvybrOX","10003012609416337476lofdayMPIx","87.12","3"
"514409210151596YtxjqenMzlVsAZp","08254723206561603456oPwbRJKqVn","47.91","17"
"012179469907879snLrURvWwZHlPxj","53627003180505682468qOwSnmhWtj","10.35","16"
"481850424892598yRTSWfomYvViBJt","54872770868823679631BXulyjqmFE","2.64","22"
"313036109489036ewkruPEAbWlTGRU","74570225963803333586YdFHPnGaBM","24.44","13"
"050469838950321uBWcSxpAZsUdOaf","22250522983659751503nTxaDPbsom","81.98","15"
"473796577496253dnLCBsifRhzYWJF","58097514642478531452XCryqFsVkQ","79.51","4"
"239232368463068MdofyvXthYPaNnL","47662668422649600136njFYKreLyd","42.1","21"
"749541167028741JWHXfuhmLVkSTtQ","51173231427561690869HACQqbgvcY","2.48","19"
"269029891805968eBHzCxorYiAQPfm","54465787281713765520AptyIWnlij","75.11","5"
"088230901088153wNguydTFpbMQOWH","17877778315868796348LVvoFRblAQ","85.52","4"
"046676910047516ykXChzGdxAPcBeR","88707862857749267086OyzphimCkF","92.61","22"
"507612424676926WBnSVTuakLqiNeZ","58832469396605987586IiRdugnzaT","99.28","6"
"538349244521332HXLjKpBgEZeQVTC","49792621605771870019SqBmftEiGa","13.22","19"
"994996000679183lUIjEYxXrztRJuD","17331610309248175345ZUGagbVBOf","55.82","3"
"556427541443854qoNTEvOgPfikURx","94685730803780099763fLFCrUMyxH","18.22","15"
"074515509975975bPdjOGhKuQeDHYo","78423846786035150482vQDAucWYNq","50.72","18"
"113765313037257JNXwiIbgsqzHmWy","53980660475231148705AwNtYnkqpj","95.09","12"
"101867753685584bRIPkrjYdGAFNwt","95201472635638744011yZLXhlikbd","92.6","20"
"477300720838677WKZoqazFsxrOkhu","10751630531465099185rNQoPDgXsm","66.32","4"
"475949831635015XUtoqeMWmSpHncz","21325084322183378599eSOaNLWyZR","13.24","20"
"588823334187181ZgFXWCpiertuwMz","08502159836947153279pxFIqBKhjC","64.8","6"
"266188126730963UWwnTBLjptOdPkN","00202994389307988876tIJDkOGPnx","47.83","14"
"866618992993848DYlsTkqGMhjHdRN","77353381977221391672XEGsSRLoFW","2.04","25"
"671871002047500SZJmwvMzyqQiVgU","89748538548719742803QqtNrLubTP","82.36","6"
"871592331058931FyCTslDmuvwbncq","23282396927362018948iArKqlyuNU","59.32","7"
"752560435465598ZwdkUoOqBlvnbtu","06354053368400403172NwFQxCAfDz","55.23","20"
"083328012727776srFfZTMHQgDSYRy","61420594406114461169YoQCdlSvtZ","51.41","9"
"541322535539618BVZvzaojIiRfUAk","98516898011822924527GKyLhZeJSI","74.93","15"
"161510988510331iZjtAfSnEFacrmo","18174432878998338345jqHYNAXMhS","42.26","1"
"696347833970472mxgGdLHFUKfyCOP","79636096302246385094QNwvzJopnd","51.08","8"
"023473372569492gDfsajdIpmMGhzP","11381897519942216799eXpcIVMarW","25.83","1"
"850918496053544kIqMtAhSQLDgzrT","35930320409200874557KAzZUfmQxX","36.13","20"
"008824945015055cwKPALYznRikmUp","94420220106954804510NkxFUAIjGY","28.55","1"
"778893497607260FhwjfuJHtSLVsEz","02453713861264761900EXSRxhrqGM","74.48","8"
"256317998753706HzVnOcAPpFDvtia","59622744868244113412fzNkpbhHOT","92.6","9"
"642885492535150kRqxEipCYTzLWwj","89457958870879612102lDryEuYtHf","48.53","24"
"635673631728971MBLgesPmoiAKWwG","87557027111949035210fPBLEmCRGH","47.03","22"
"636851670414524sVOinRZrbLvyuJl","30521325817150945615FToCJMLNSf","82.45","1"
"768171463606186gzMtksaYJmFlSpu","11221334805274722285BbqiuEDeOh","45.21","8"
"646778743789574aOMNQuZwdGyvFth","26443089251615349077yBkWzxblqV","85.38","21"
"663963829680823sLSNKbocyGJRhtD","16057081147825212501aDWvHNmXnb","77.89","20"
"839485016879652SsOthYIimKNbLMB","02345153703008777976ZuTKGeIDnE","4.12","17"
"145882007270969tBIwpLfjxTmCyiN","96717964610731979455ZnAkqOjlaG","75.92","14"
"482508011280460hTieqcNGoknVpfX","90163711078437515275AjJtLKynDu","85.21","20"
"598515050194289cOxeRzMnwUJPhvQ","26575551497460845927HhkDFqlneb","50.58","3"
"365940044394272AnBoKYQdNVeiEaJ","53130007618296695988JokIxmFynY","1.27","25"
"272645284374612sKCMYzDWOHUvIfi","54556653250344859556kzEKsBSiCd","9.55","24"
"485864347642335xWyLetXvsIwTFfg","52270231146447463393GnaEJhcWjL","89.34","16"
"531663591756822xYioKgWALMrlZXD","17912874339962419218jsRrinOQge","92.87","14"
"347795152088576rwTEtYdlDvBuZLM","21370725683609202490hcUFWjmCog","8.91","11"
"772104009716598AheiGnTvamwxZIR","82262698324734899089pdVKMsqEZv","27.26","9"
"269117417631396IkYQGjmgCSylPBr","67570707037459045036silHUCXmaS","73.66","5"
"829266046333916KwIzTuLpxialMbJ","40103650212943913562VKfTEoONqw","80.37","9"
"783018640975708UTLmqQthJiGnXHV","15162672946800298651jRGAxKVpfS","93.63","8"
"384683602724564ONcnuiBAYpEKfZX","42377749925668003291EWBjZYwkRy","2.63","24"
"933983513956854qlnFjZpWcYIJVPs","35792520064913430194pOhMGtURaZ","45.95","15"
"641383924406314MzxoRHUIbTsyjYi","42858911981960056891TMDvjcmUlO","55.13","10"
"029473422329522eGbunrXBtzKywhJ","20800656133072405874XNcrhGlEud","45.45","10"
"624128357409969QXRpvLamDwVhFYy","63577590634013530543bXEzUJjNfr","27.62","20"
"329560490713798QOVwhkXYCZNqgdR","48958081674453128684YHgGiLCESo","37.03","17"
"969649859333778NozrjTucwVkbDSM","79405141650430278471PqWJzUDoVI","17.27","3"
"703803497479658pxUkzlyRwbMsDdg","81216450133892336929nJlMmTLQaB","2.89","1"
"532563258033184KIpwnZoGkWyxafu","80079445064267477334cINxaokLeR","92.25","11"
"964976890963504fEgjxQAqYhBbMNo","46970296829335814374mBqiryRwex","34.3","12"
"629173413673432vhajiDwcyHTWfpE","27916380211551193202jsZuHLYzcQ","28.08","16"
"537766166388250puARIxivMtdEGrD","82211465763012987636uPZLCapmIo","81.3","25"
"808888927842862gyHlpkuUotScqja","73178569673308423736YoIMmndAlF","84.84","9"
"882861977395108wOiDTJWtlnNjZBb","36884915613394324364ZtPEMhDgws","68.18","22"
"043407002463075iWcjYnflTxkNgAM","72519061473432460236WcrqJQAZBP","32.75","6"
"666244251788258VyXdpFWTDZuQmYh","23598618196027498881LdsMXEoiQN","18.91","22"
"026845788608548nQbaiLtwelzUjOR","30945151454837576831kwgCVOimqe","85.45","17"
"168420729303207KpwRPFSQUvygJju","00704330997127344984QlcWrtKECb","83.54","24"
"505466290142857hlKPmjRdpOgaCnE","18592113785280312977jaMfRxndIN","95.73","23"
"469166964925759sHGMIwzLNVyecZk","71806115611067381644tfHxypLsuG","27.69","10"
"299478911979892upafZyEmzGKFYcS","84528610379985800924YUeODNMEWF","48.4","4"
"387932165602020BCLZRoOsFrbqxHf","27857624766196623418ZosBdwDCEc","54.0","23"
"067977501810224zhZoDPXLYfyQKVE","75014830753594061480spnZNRyrQF","92.6","25"
"017029817820345OZDVpQzyBIUXdPk","10163441628749472574dHapiRMJst","20.36","5"
"859296193771247acxvTDHOIGtrqmn","13752561896077607614uYgItlparU","95.99","19"
"817607385673649waHugXcpMCSZKEG","66863275830260756953AoFBTGzRhv","80.04","15"
"359258354692726ZsWgrXEwBOYCokd","13060379340794435872fMRagKvpYk","9.32","11"
"836754125608279OmjrYboquKyXZzs","06077311007172926179UtyPTDwIHL","63.05","12"
"579639556725701iqrOAsydehNFWXc","66381272492181070744jyYHQRkKIG","11.61","4"
"064882764122532QUomLDREatnfVxZ","64661450090032918640RiaZHvQjnO","87.86","12"
"284161037620132FYuZwEfbKMRoVJh","79796554694185774550fJpAHCuwNW","59.11","9"
"283759748850357GwtrESjkLdxqibv","57740800241706473745mLPljrKBna","96.4","21"
"116476860594259LSOcXrJhiZjaPdI","23629559076597929009jusNoVhHqx","50.67","1"
"457908408268407FWijotcmKxHsgfn","75206175354921209789mszGSUTWJc","69.96","21"
"490142029739290jMaPgezdrlIhWAL","20184144476657757683YOGamwxqCp","50.4","6"
"540540256532177DvEOCqshNLjUKYi","88635158126461103280sfzFkPMJpK","17.14","24"
"126048524220104LWThlmwicakZgop","60772725599101883078EjaASYcWno","25.94","11"
"515774204577200XCFPoMOnWifgKwb","09127722019587720919hWbRECxJDV","17.66","2"
"461073313519391YmpRMiGuDvAaJHq","26216828101590175960AbFMrUDaVz","56.52","18"
"035091877333753wcSnugYsFoaIzvy","80791439175078535649EMaILOfmvY","3.07","20"
"549159666749020griemRVTfFwMbov","61303438483045920178nKmFryUbSJ","67.39","7"
"647413358051082rUxpEbhsQfaXBZz","14352039412581414039hptMawgcrB","72.32","21"
"944900095457968otzFRQsBIMLwcCq","65934589666799237684fbmluQHjaR","88.61","8"
"848816342674373zMWcxaiofZCmeQs","20065800818039849284rhKzexYnpj","46.36","4"
"458952375099157kCKJsDHLbvxFQBu","91161287944491639378JufopxeKgd","84.51","9"
"530238026932277aWPrpCiNnJcYuQZ","82977616829274514630ucTCnkJIeX","27.19","2"
"700022275304622NEauRXDQnJtKUZe","52281734277076693513RBNoULvmSH","93.87","1"
"876156805588995KLDaucBoHUMGEOy","22665780316597845686zJQqyAkmen","84.18","18"
"194240380293010gfmWzeXKDqUaGnF","13247588071752624776CozwcTYjmW","51.63","20"
"417777838418356gUCKaMZeQjfAPvB","94796234388680085591YqkUPNXSeJ","53.84","21"
"230368810970884YaVmnWKcdrfeOTs","08088594181219329945TcpqZIYrCh","7.78","3"
"053418921747529WPgHOkTAIdljeCM","43473328791549496320yiBwlLGcNV","51.77","21"
"701758673161083dGmJlVhUNcnzACk","90989318799619350614hFVSDYkbcg","64.99","17"
"506749935667465QfwUPaOWDMroEZC","08257552527863111970QenWLyfxtG","89.15","25"
"990510780441970iKrvNMmZepCgOTB","27684161129173111321tPmZscNywg","50.16","17"
"047902563572245GEZtoswRpkNYUfQ","24694399048146397426PhaliZqWuM","77.74","7"
"148781701877227CLaQuOTgPEnzMso","96535643670659878770IZacUrMewQ","66.21","25"
"427938419976183wZKDityFSCGgrfA","58837070555296143410XZkGdfqevl","3.87","2"
"959299094518407BYJhaFHqxTQPcyV","65368977411389955237NkAYsuSGyU","87.3","6"
"218840970781170mAhSnHZgoROJrxz","36957367401146154529JTjmExCrlw","75.65","5"
"872903600367495DhIpvxGoOBSmqeR","09100684800573910530TahRnWSYiX","36.53","6"
"499821020328382tKuiPqohCnwAaDG","45996013228713173530kvwqAXTKbi","97.59","15"
"617594013613740lKEcVhYUDNsqZMi","74143845748449122318WsYxDnUiZa","32.95","10"
"883831231820388QhcrYzAPKGlxRLE","71814231041681129167vInULydpXk","67.04","10"
"841158264110391RpXeOTgwPQuMGbl","49161787702204227323VGNPQxjLmq","78.93","1"
"305438774165815mqKiLEGunDZjVbr","63591993289984120355ktFnxIYEyS","57.03","14"
"345912869927333NHjCOekhlywtRaV","37049453255316792598muFEcJRwox","66.38","23"
"608150643996990JQyftoNiFUCjOuG","65539024678442430066VqxuZCenlK","64.81","8"
"802987449820992rNpxFJUGmRYzCKV","44144981382388912080yXlWZYNsgH","99.09","19"
"056403641836400rZGUDEkwegORjCT","02490696697717209861cdBHLkwSEP","19.48","19"
"337487571032015sqSfxDAPocJyYNI","50355410300570914477UnfKsDWmlM","18.06","3"
"009482383524086uTPweFCpVHIilrW","31436471656446953834FqaBJtIKsU","9.87","6"
"814537313408220bAiaImYzlUREnFh","39987201183413206661FRBngYhJdL","43.81","18"
"257187654469169IlfRcozBTeabQFX","15804227439525697618QHFNVRvdei","30.9","25"
"137331651680248OlVSTEJCRdtbXUA","22756893068795214703PfXWybngZC","28.05","12"
"804146983346409XEiAvyftBzKVJlL","35384623587231249920yMLhxuqPWg","66.01","19"
"710312278038004eTPkYzCMorRagnp","53021543607769449918HqNSvLyAWx","19.35","12"
"631392898053602jqAJcwFKUZHyLdY","39789042198295589336ureSNaEWwg","47.2","15"
"100272456171931PODcNenJWruoCgp","95560909607532598175JefSskDjah","25.01","19"
"862205160531176hPdgiXLucvqVRDE","28712038126037808456DLAFdYafwC","24.6","1"
"350108095227757xsJgDMCpkfOwuEF","35839049267887442026MXfpxIicbD","50.04","25"
"889448011643959HPRmMxIgEklNUsT","70802428272678733747lfNIWgyjxe","27.14","7"
"190983020223492QNIefOmvtSKwZyR","43549495828482677535eCJdHONMDU","29.78","11"
"189011081510333XJVNnkIqKPRMsWw","29838867746879775062WjEquVLdoh","35.72","25"
"424670689057506koNbGIhwEgQPnsH","56158926629000170409mSJlsCXpyB","12.19","19"
"957290791071488WxATJLsVUbqdKDX","16605739079322445522JVGQMgdavT","9.72","15"
"434313480573006VEyIsTXpaHrjKiz","80418281017261437976wpaFMmoBUT","72.9","14"
"303791068987709sLRMoxTKAWztYaO","60649104212996111031OIcUqCSVvd","64.87","14"
"317852750847853gbuDTUFqOJhiesP","82882919915012384800aguTwKdyiJ","28.71","23"
"125470543637409WflvrIzONwhxEMU","70213429383308781854CiDqGUfeYd","44.21","8"
"217076209760947bANDOrILSxdHVyY","12822382516462493753MKkwWcZBxr","60.66","18"
"752351289570599NkmvApVgxMsPwdl","77483974168657949465MKvkTocDet","34.37","1"
"578022068630373hTPnbdApiUBEGKL","69764336022284178580YlJUoSWtZG","16.36","2"
"301005689937316kTxXwJDYVCyNZOP","42378723505343792105DpxKysVAXU","75.24","9"
"452606698331386XrgqGkyuIAvBYdS","73906194227071516266BrWaCspMwf","50.47","18"
"050019665643752YHsdCSPWjJVhKaL","21734449846773358714NDrlsIznbt","68.81","18"
"295857711552058ZgeUxbEJmQhlWXH","48788264527917171683wyzrNZIqjx","23.65","12"
"154623789197613YnKpoxQALEflbui","27517493032489760529dwRkijfXEt","45.05","11"
"366691183233351dkiFyxIRoUaCjBH","62546520784271991177CWmTDujtSc","61.11","3"
"893545426638280yamRALSuzdrDMhX","88686249191413591425EaCQfUnYJq","76.58","7"
"369390096026150FMfYiEAmKSzTGOd","16324626215002522158SVUFmrYhTi","24.11","2"
"426662427453267qKyZsfidJXoORFb","86245544202058028536uGUxWTsJfh","94.52","17"
"036809285513671ODfUAHoGcyYEjZL","03728430988402555281sOXjtvclLS","87.94","23"
"550204780180610CzkmNoMRPQYSaFb","00951596373157548179lrMnbWVJmv","66.51","16"
"478547603693329ojKUBWQTIyPmrXl","15728698906803844388eSzUhcHEoK","78.5","11"
"361356227219425jmQbJkrFaAHKghl","12758143708052044279CthVazKWyD","75.75","13"
"189833499208909nJlDcXNEZiRztjG","30340576508036556313ETOULSRAwi","38.96","1"
"120293184787481fMrWZoRcxtENnhd","71790614263129020527zrEJbcFZgf","22.24","21"
"211075170926043YNRjagzAyVirlpu","45832414279185233408GwiLKZHaxN","37.93","4"
"420661904102314hXqeMLVHFdWvcYD","77326796576155257038rvECZjGXRW","95.58","24"
"531445188816380WTgtivyESKlhjHq","79055756155494311134gvwdCZYOPK","98.28","15"
"151396429333527smILOlWgzDbqEoj","87206963210532279269SRikXMypcG","92.24","25"
"039631024845049tayoHfgWdGmcDhJ","69804016327051073185RDXtQpsArZ","2.58","11"
"758758395461389EgvweXYbAdDzqQs","72024572102040973356bCeXGhmJPZ","88.29","21"
"198018422681084XVOmwfEcLHljJWv","34732058129594080219weBzhlnyPL","52.88","25"
"069020321331105MFKepLogQaGCZWP","84545730291778330065PMlEyFBLco","18.25","14"
"392540896839104EszRQMPyJxbdfiI","78876392099248192109ZseMovJAhz","66.89","2"
"225521410076299sNtWYoBlKngixpI","23183128490244937672xAEZfDMUWs","93.02","21"
"298767263276448twyAYMvhgViBDNl","92946893075206838245baZhyjODcq","97.91","1"
"534705324000834XsEzxDApHcVgMuk","88967089335286995185OGlMQHZpod","50.81","13"
"530062037691967JNckxlHavOpyQKq","93408371272455892006WpKyJhdiIu","32.25","23"
"676189212850066oGwuSgPQrfFsLcn","51985330554766435713UdAowXSfky","50.72","4"
"002606744194264BnHUVGCRsyuaNfT","48395228903672627727nvmPstUKZy","1.23","9"
"081544656716052UNnWItlbJseKuEP","82053962058089800457GQNalwgxnu","13.13","25"
"020808086327098wrBoMJQHCufNZlX","77500048953335561170oNGDARJWjw","82.1","11"
"222066564939270cNJCsIYrnxAFtiV","50103906257918796660MvbUqukFJD","69.03","6"
"729379637943524NVqgarPYlwtybOS","59461839939365200597TQYxRVMCrF","43.45","7"
"367686836828488XUceADjBtVSYgPJ","91595171706069116028OghYTIRVpo","52.52","12"
"502084495477674ZtqaVcUwSGYsXmJ","12142800514415881295gdrTuUmIwb","71.51","9"
"773172287815479tpvAYdPsOWJrGnD","10500009412836891646swnDOLcmXd","85.83","16"
"069977269137590XWBuvrfOzKAZUjb","84056601864184743530glizuWhTNZ","96.6","2"
"290515950954314UwegoxaiCryPnYT","21427177066520714825CpiaADMhbQ","44.69","9"
"500952759983719PqcSQiukrDANbLt","72554427946544065808JszXEHdWmv","88.52","24"
"944307979803300YVZLzMcnDFpsyth","38210547281838920474mXejoDWaBM","95.72","18"
"914628930796877gsNbpzFQWdLjwXf","71506697904257400137xIcSFMiWwq","61.43","14"
"286410754344759skqfWpejJDLuItc","70246036871801412037lIzSPbFBCu","86.56","20"
"862861421717390pgbHuRtldGwFzik","07225243370028830377vetoLVKHyj","88.82","22"
"870317616982169DKfHGPLBzjZWmod","80302204378998637308eKQHsbkrRf","88.74","17"
"514156053066179MNiFkgXJCBUHwed","65634153351160020817qbOoleVjid","27.17","5"
"507507648373062HzjCOoIwfnDxgYA","95448820517638504863lfFMcpQxuU","36.45","11"
"677702662299685GkAmFptzOuxvHTQ","82659683334322486885SiCzgYFEqe","36.17","22"
"306116530475670UkamigpClSANnGe","02563685817983581561jROBHlixVC","11.14","19"
"911916846318639bLIikenlgOamFSD","51968285042165794547KsDeqxRTvw","6.14","2"
"848424036432455rujZndTsweKUlPQ","41256118750052670349yHVpeuOmET","74.23","18"
"784065923019764PHnZtDgWdxUmhsk","42842250144744448356ySjxBkezCQ","49.05","9"
"052937903082505dFgzDKBhOoNAvSa","69032299325424473061RYtekAmXDh","20.0","6"
"666397922714908JQCaRKSmxFLZNdY","84712698820841518485TFfPCseYat","77.57","17"
"109834833425121kZDQIivCGHzcdAf","23066242552581437896MULaYiCTQq","59.5","3"
"362511821858439IekQpNbShrfBXjq","52880004345412567185lSanZBJtOk","24.51","1"
"568577079454450JlIgnDjhtuYqTBK","50930056588693673684mtRQUMwOXV","24.33","10"
"725579717734705SjqTzgUtXxdNLWK","96501068591408739097ZBeFCspMvP","87.71","14"
"688391453033564NiMneyOuJWrKGHv","26337116788488962265PYOzKULsNH","60.04","12"
"624673975986777nZwygzAEQChDtjR","46261071445442468692GdXZrfUzOb","26.94","19"
"882004231213422eCGcihAMPQmkobY","51358379900575654458ExgQnDiHOU","59.98","1"
"125309514733126rPsSjgukBCfVcbl","10423632128958557196ySiBrNgPMC","1.58","5"
"820832934359819DqumdXwbjErPMOt","54309920498072284565KHfOBJrSqA","39.37","2"
"113676285598969CuTBejLmVnvdzhi","07831532419462032225yVsBKRZlqI","66.69","19"
"048107872677727WTRdMDhKtFAknBI","63388987096109892207SjqRVcZkif","1.47","4"
"297336806106263aNnQRymqGYLUPeT","86883233486148789544DhngmcBEHX","74.14","18"
"640073508412992BJqNZzMGgPUXVso","09854977508834772256vsSayLeXlZ","61.23","11"
"617624190435784PURtuSqlHQapbjA","19116799446124898750uJzbkicmgN","84.31","5"
"852400804420235edCNaowIUiVWEru","50152211758709515572EISWBOQAHp","90.8","15"
"564055542554508WiqhnJQbkcyLdax","10401731013509306827qUAignkIGf","8.38","21"
"934442352049471zpePYotsDarBwhj","75617579973624633150kGpyaQlLbS","96.32","23"
"832808432453427DtbluCmoZfNrWSq","69007219828907663496lTWZohpMma","9.17","3"
"141839963951209KrlaCMoQywjqOFI","90830699542476692699apNYVGyqlM","96.25","24"
"607150739034592BUOlARXWMHETILr","44931798692818590814ntycjFPesx","63.46","10"
"686486855805581HgJnCupyRNVlQSs","70161433335634375707uZBbmAYCEw","82.68","24"
"349315853540475jwWzCNHOdKQtraE","62385511890951354516MikdDpTZfK","95.33","7"
"036875354934556vQwMjhqIWnbHsTY","85764626253268272491cLnfxCUYae","78.87","14"
"777540097452380dQuMpvmJHZiKajt","98296466821177130375RHnwIfGtbM","77.28","24"
"112767705501513GrZivnCsSkWRcdU","42752605899940058275oAdfbymCjH","41.36","1"
"392724597803674VtAmOlxZXTqSoFJ","57009346457634572326UTACKiuEFv","13.71","11"
"532696190178647CMLKcXwgDshzVGe","50656446232389445488MWCqQKzHZj","39.75","11"
"456953192680743nZKhCJAlXMPUpga","90573071906230004168mKYNfeZgOu","38.21","24"
"617279158305250MokYSrxsEfLyBRv","43836765705239853574prvEalLkVU","78.49","13"
"518262677792987nmDpqKYhGjVxWdR","58586608119352187589gYqCPTXzkn","13.08","14"
"991871488057351gKBJGaTOVYidbQz","60324624917406162859YGBxmZOpSt","45.35","4"
"866110262209366LYQAGyrnNFKjdSX","84689306475043337397FMbdYGeoDP","24.97","8"
"589576129056672zwlXxCZJIkGKOEV","02429269728783470159nuasxtQPgh","90.13","18"
"132800076862601ETjPWoDlbwGuVQd","92690380742100061131uKhXmRHGzi","77.89","24"
"445788050102717hMuwSgfDvJdnTVR","99503996491464931694JRQAtPkpXf","83.61","1"
"746316158417215GsygwcVWhdmEUtx","19718469630918213207SVAekoBTcG","56.26","4"
"128176081527325TbxYAMOFDliUgpn","49378354327057405181kLyPZlTzfV","1.98","23"
"631401314888772tZQBPSUMcYxsnNK","50699468754000763644AGHBKbcyep","9.1","7"
"859194602885642UfTWBZLGPnzFoiJ","27968123766083940366VGTuMZjmwa","61.96","13"
"440220544887261qydHPmCWkKnotbT","99134980627446376441LmaxpfSsYc","40.83","5"
"805359372766775kOSmtilUgGPeEbX","77993872672591220859XFSkcJPpMG","32.21","7"
"368766305292963qxUYMkprgHKwnIA","98952697137705050204fDSQFliIjy","70.08","10"
"047458742750405vGlUgHiqoZnOpfy","56113343506847903058kVRCFgsuPy","23.84","14"
"069000607661362zCLhabwoxEGmfrJ","62819012191743877222rNgVOtZYoJ","82.61","1"
"152538663181733MpwXvbchQyoPren","39173167373201455940sPqfFmDblr","17.04","21"
"616092169238054jBOfQPwgkDrUueX","33527799201967475055WFqRJlTVyb","55.45","20"
"310958360586523ByswmcGqfQovaEZ","92987624828159197360vnxWzUhXKr","46.47","10"
"047950073191860yOWjHUTFQLIbtJh","24401924863837910587QLgjhPJqFW","60.9","7"
"995029962232521CQlzsapdoIUJPcu","33052695807739014125zhdMSwCDoN","1.01","11"
"743499421841212stxjCTeULJGicMV","07084884493943233923pCSdZsbgmP","26.32","21"
"264979952348971vxfTOPQZiHRKhmV","01046855309074208294uEYqyXHvsK","11.38","21"
"580463366090547OVHrZezFkGSMWLm","17459811489884484782vktqmKulJj","74.02","14"
"184520636208169qWMlCbmtfuIAUYE","07818959756511055951xPoMdrbnhD","80.62","13"
"507971575075262usCdgjePfJyNQaS","86797089347387840088jvpezgBFWt","46.91","20"
"413278118137024eOVKvPEkmSFqhpa","60689163747256384515uzXBwphkNg","72.88","21"
"254891902392162fSeLNYsiFMDkmhC","71860527764705927939ZamnIjRqsC","7.03","19"
"213449613796858XyEaIPsLojvrxgF","40117721659829326284XMDouSmkWF","93.39","20"
"650168106708738kMlIwLfitveUscb","55767382924252939971NDakciJleK","11.97","16"
"685670643457449sNAQRTLlnvbxmFH","79903770429116380178rgVGkCTULw","87.67","7"
"599950455867558HCiPmepkJDrRVYB","28514472304867380303YTsDfdGbeX","37.13","10"
"281220263837137QRJlkaYwzPFDgrp","40604986555787795318KOaceXSwTd","78.74","6"
"661067682166432nfzKsthgCBJZlRU","12111090716451274396ANtUCnpcea","7.76","11"
"334048385349688FpbeCcKDngayRHI","29958134713380615804hjnqVamISZ","35.12","25"
"738859176025560IxZAeOYXCapzHhm","18676250459856902612irqJvLNtCs","68.5","6"
"810388631068720LUJFKnIQWgBMHrP","52975591390354645134DJKljsYEAI","34.74","21"
"867402164765621MOBlwEAaXHUQdkg","25977423888110358821tsVFdwKvoP","89.35","2"
"638181218165922dhcMuiJAEORCtXl","50964307859594322205CTNZscvAHx","34.65","23"
"913202736608517CkwWarcHsToEzKu","81227733274874144026EqjKyFOAWG","65.41","22"
"652579455917525xSJoRNatHlcDCZW","65527268619899167071OVWUNDwecK","96.06","11"
"273191109203880rlQSYHhEmUPxTDV","07865292395020045505VyxcTiJsKR","45.1","13"
"378013072366981AmBynVeFpTqYJMl","80982945325497710380OCZywGArgL","43.83","8"
"434337390937909yjzBdSvwVYiZNlK","32191440177175765846AgFoUwMbQL","2.67","22"
"424084369094638DIYbwaHZETfSvgl","72086882136382619256YbEGNocepu","88.48","7"
"154636101724948HbqzaKgjeupdLlV","44770158407294745731rmZsIBloNP","41.36","11"
"713032957145273UwGVfgPBeAlirTZ","73802345151171338263ipIdUtDOmP","85.6","10"
"781827128482414tqRQbkriGZIgEDd","88372039268925008084sELhuXSMiP","71.43","23"
"467703714544307pXAnzRkeGfCMirJ","67985386597880589331gjiTwYLUcO","37.37","20"
"172178308129594fnOLpUVTIFDytsA","41120286161314151627sUKYNynWpw","25.35","15"
"032033682011965xUCugBtKMQFfyZi","45020375114563801333lLDZjXxNAh","91.41","10"
"298842236766183LensCcEYbvVOjtX","42808886000415715435RFXgeJqMKZ","69.04","21"
"928177760423904IMFrkOVfcUzSPLC","37669608976278372619yCtlsWZPkz","36.66","10"
"596347233222622GMgIJOlHtLoYWfV","57288478190061598034FHEVMkKiWu","54.46","8"
"323660452649876CWmuORBgLKsnSfU","78235603906375305523uSjBkXiOzH","91.97","2"
"046434978824225SCEBcHRVIbkjaut","19789801903547942888DqMifXOUGC","41.69","25"
"829169056012054yEGCKIUPARvOLBV","38415782322187796078BCkPHzmelg","58.29","4"
"497955128268794YowXWFCxykRLEmi","86334928611164793289VbPNapwYfR","98.26","5"
"636909938775812LWlZdNTtXIzAiUD","92611915082848416952YzJCvfLbcq","27.86","24"
"945842668479330IxzBODKVlAuHiyM","10396366722839066151KqNYRFUOmv","18.43","15"
"668882828672297pfbTVFguiXnPKvY","60044165584992826998JCtqwsSLQG","18.38","8"
"132215247271331fukBYMdGxEVTIWJ","86281954932941187513dyewBGmDNt","3.4","23"
"504665253361583cTeDtOKlJxXHkhj","90547857976539297411tRsbkyvBow","65.78","15"
"783517943055750NQpjtyrbLaKdfDi","76400596468974262597hxTiSNHsfc","35.04","8"
"062330679231922sfKVztBSAZJGPnX","07855439804414324819DvkqzbyIst","39.48","7"
"994758934760184sHUFfJZcgoqCpjV","78628865107813234896oIFSOsHYQr","83.5","8"
"033765801394185JUTyGZMsXgkPRjF","70754988040307304110MxLbXFePJo","27.53","15"
"464081480606912FKYSPOGTstxfuqp","87505414582490820088dYyZVFIgLj","66.28","19"
"513831939314334xunaXMqCBEyfkRj","67054099677118504737oOTuVjaviJ","96.91","25"
"712749631277677NAFxBMtKPojdwRQ","26207924393223712611RgZPYnlyMc","4.14","10"
"569893711724548dtPSFVZqRCXApcQ","48886644337010300636mQhriLHXdR","44.86","20"
"776656092032336dDlxwMLfYJEOrcb","00937725463438846130MboeQtnacL","74.39","11"
"489159887106990eWIMNUDthLEioKY","49940867697285167051arJSDKFQlO","49.51","6"
"795533957072860RAlgGtLHwQEaZoS","89879875428883209044XQVwpgKGfs","44.78","17"
"220938641718951PFCtrUMXfShRWnx","25856774389755458570fwzeHvunFZ","35.3","5"
"867332920175353XiJSkyNfAVWZjIv","52440303835471477173EcwIMFeHBy","12.2","19"
"256293384809674dKqERQuSrcspkYO","37807534468057694923mYNryghJMW","77.62","12"
"156810384891667LRXSVcGwplvimfB","49564021435356774535wgcMvLVTfn","65.98","24"
"815654264503806gTLDilzcvfyBkVX","82670605572380083874PvJrcSAasz","85.31","25"
"858701786721698xBZkQYgJSlGbcOh","84367519598631697205upCnAiRFPZ","48.13","15"
"054700437531112iPpNdzuYaeolUsG","49492040352783080617wFoduKVlMC","70.78","14"
"763761280739354TBqpHJrbiZtIusO","23975098539834327437agdhKXGyRv","13.72","6"
"785412400404882VNAhmxeGbTLQkja","20605863637169004563DGzXQxpTto","4.14","14"
"297151557308650KtdJEmjoluURWrk","41306095356399786782dbSZWAaYPn","48.81","25"
"845695292088721asUVRlcwShvHyFE","80188424385144450726GUFyPtjBub","67.27","8"
"964656255646105OTINgMYFVdGtpmx","88194354790568111038BaTGimZAuP","16.37","6"
"624138098222143hUlvkopsDMQmzRF","89602763413610687709smIqibHfSM","51.11","4"
"196688372108310OrqLxgwHpbVITYm","83497893803594346040wuFYNCRTsq","19.43","23"
"097490165930073JGrwjRibXAOCdeM","02202185607402483036ogUKpXdwrZ","87.22","12"
"474683577209902wumZHSbhOsNdXzj","54653081052196837578XyJHlOvBUf","9.74","18"
"928773565873139RnSWrZIjQesYLhq","37666286703468861478PJITlVxSRq","14.56","18"
"390190096344606aSoIUbsYjDRGpHE","64410356177713349321nDjXyHumLi","22.44","16"
"378721929294847UhZpwdPNDIoryWY","92859727699082556475ZIPVuOkFqj","76.46","17"
"736793947240145ritobNgKfSIzseH","49895594452928942585QiYBAPUzTN","67.68","14"
"048431585788553AmCjEpQYehVfUGg","98050801199294138017XFdpnrmqlh","2.08","1"
"108118072678901lsUnAtGcCkVBZKX","06804239626966441774kWFbodcJjf","80.5","1"
"151072795767988fvByAOKpETGacDS","34781333393080151230ZVNEaQJDcu","83.87","18"
"437998752160513PJbKVuRmWosOEaz","98144098568571804110jBVvxftJLs","94.77","7"
"981106575229628QtzJaekFspqiMgh","85717109641167836896FfCBpcwxuL","12.08","17"
"789967141782070OsunAqeSkTibxjh","61325609710005329630qDPZUiNnRW","72.51","17"
"558501511198783sPaktWXLBHZEUQV","75263832721183832752sPVoNHQBuZ","23.31","14"
"613188747890586fbduSioUNYCPXzA","08818541711338991026yPHzgNmhei","39.02","9"
"733574543353216dAenqLUNbcFumfl","47027239114008531537gPvOoYuJaE","91.72","23"
"662350125156642xewByIofkspiRJm","87292603880532154107KnmLUvfMqV","26.11","11"
"900164107283160CcIWyejioMGUhYX","04754448326402711220idphcYqvaw","91.78","2"
"496126206963387SpXwhGyECQkrfRu","13594806069143001493slIirVbQvC","15.01","14"
"751794464975326VYwfBvqFAgtPrCm","27917756607209746315tXFHiBjhEl","58.33","22"
"072254682385719HjcRvutypnaUdgG","53744147185045267085zTteScQVBq","8.99","13"
"245992153850377ILJgsTtYeqKaoCG","70385827236727287399QTxGadFLUl","87.75","18"
"616965246691109VtlCYFMZvopkDQx","95183115988006544583JnNxWECIro","26.94","10"
"395003547197441mlbLBiTHsInRcoD","72331976193294280143skXDGZRHbz","15.91","13"
"111790607909881JOyvFLlmVuAGsKC","72024173036545865086MqcWgGXbmu","31.0","10"
"889499093888018ebXmQElqHatOogV","62883938443476735866IxFGoMzOcC","59.38","13"
"384280029504768BCJzdxFRlcEOsUt","70857172092492166318fQWkINbExl","15.92","21"
"563937713810579nYaqwUGhgCFseLx","27434194906526267382kVeWBjhoSa","29.56","18"
"455883387445962wDFNaZbQcAYBiCH","13450027298002478461BxrGKnaHZs","46.87","23"
"672951142127226rKcmYyheBUgLNwf","42844865916602607729kvTiMeyxAR","83.87","9"
"098351650347631JcRfhyibsormSPu","59629458331548514510cVWAymfLrE","82.12","15"
"369875707240788GuWrjSdIQDbTFJk","03992973257459357237HbtrcKghlf","18.24","15"
"954027477941743eDYdPJMCHKvAiNO","54373723004363190200jsoetPKxrQ","42.94","11"
"734942676256071hxuEvTwqkNDCfeL","39010133362010347122hSGLxKbXRP","58.25","6"
"501008630437443jtRwglbBeviPYho","24589291228394917811JlBXyqCEnh","7.04","5"
"793737183660176pPTHoKjkLzJhidD","31631246432276484796rlPuWCBwKt","99.46","3"
"080909120507277onUfDIiQsVWJLAH","02169646507698412071owSYzgQtqx","67.22","7"
"763693369912963NaewcFgLJKYEqIb","84877958044149115090soAtgpMRfY","11.15","8"
"249491836285784XeKNFLYnyrvgxdQ","74008937451570107680BQloawiftn","67.33","7"
"816388199626068cVrkAMPJUXmljuO","89074179804168903021fJpMatZYcG","67.16","1"
"918844173778017ERMiOAlyLXfFghk","52786357085208048461rCkmqhjOvD","32.39","7"
"942011943693543DZaeVLntwjBiJQk","49811935439733521168FEworuAMjn","54.82","5"
"467602925152967TrDqQouKEPHigtZ","69450450959065213647zmDoKAJGXc","2.68","15"
"885372416393472jMGPrcpFsWvwekL","85809377099800868096FQhMWnUPwa","2.45","1"
"213213102941179RSqsQVObzwKpxUN","48302231574377362838YcFhZaPLTV","26.58","9"
"353822355747917rktquHdzaVTsNIK","68663561546339164394SHTCPjJOZl","19.2","17"
"495392675939551zNnVlxMBZKXCgyw","29444905646756874532yHLtvmXGNR","34.93","17"
"006635730374613vHAozbiyeafQMIO","51755205470707705363vCbFGBJlnQ","85.84","20"
"901951320343533BksjehJdzMbZXoH","06233295081276043991eOVYoXapFG","98.98","2"
"796371685630187HjXvclRJTenSrYE","53433610387680711243YtKgRDzZqI","10.69","17"
"406324573413464LIeAsCRbaMgvpHo","76860746282919854855wTevKnSRzb","92.2","19"
"136134423558804XaDswPHMBGdiNrU","59616908554341980194DOaxnTiIEh","49.07","25"
"880142972714474RVYeCGjlSanKBki","36260848677255569834nHclhyOtNC","26.8","4"
"247005804734272MKiuUAXEmNYbSsw","75371495053269405200CKPHBdMznU","4.91","11"
"546362783018734aBKwPhifntCzEgr","65512200773904266997WIauFQRdTj","33.21","9"
"857032337393553mIlEhYGjSNxHvLX","71563302520154717078fDwsPEVLIO","48.46","22"
"425124492309193jZMHRpJtcDPbKfq","56422741855626554938zNCWcDArYU","63.89","12"
"385988805097135rOjMFszguYfPGEi","64200251209099609344zqyGRjgmAr","68.69","16"
"519047949773089hGwtgSOdLIAZJkv","77944634664958366340zavutPwIFh","23.33","21"
"045601862318956OVFdCaoyDJveGPc","66665306271221266680ZFBLtHGDxw","71.92","11"
"154801204368693wExCsrLmNopqnBR","18836279637449631202jrlYgiLSnO","36.2","11"
"186521223025494IYDPuQlfipZbGmS","35680674829261026555iUoEhOMnHc","75.57","9"
"677991350901755tDBjuqRkKmsNSrn","75386345382106585913vgYGSflCXp","33.37","21"
"918942547562709onIXOpUgFHiWdts","91389336856216465535rxfESnBmwd","34.54","5"
"323532682477061tIKEwDOxPvkGcdT","52039303212050348682cBjgYCdzhV","98.01","3"
"320048452889653chYqkvFyXCxPDJe","89708609056802954402WDaoEUGkSV","48.42","4"
"627391824550797rKRBJIikoEAxFgs","94469187161731287455ySYEWCDPlg","68.06","3"
"520500693492469xcZPYGqNUfEnAWF","44763057651347890802CrkvTLSDOf","92.19","17"
"497962048543567YTZFUEWHxqebLvc","97887117834119584294TENaGMDWLI","46.36","20"
"841373391701682BLFAWwzEeSuIMJn","30820136632663252149MoHvYRgGQy","85.45","6"
"716408740352233XuwKnFQiWjUcPge","89671948420529545409ZkdmIQjTtb","79.69","19"
"205497873416422nKGhaevWpPkuSIO","59372679062942521740tfKvkrnUwX","99.68","21"
"941773806955828oEXrpBVkDznmvRg","29641881529692832385iqTSNQzdpl","2.98","2"
"830114946324500XIKUHVoZYkhiCSm","00108930505247209090MOotDkuTdY","54.18","25"
"608325036533969OchrJfZHQvpgtXi","58843959491529794380hAuocwjdDZ","34.67","3"
"154270075889001YZLKpavqcADSkxO","98771126319688683495qAhxleSFno","16.12","13"
"585900296300696xpbwNtyPLCiMBmf","92110954745923120699EnzOhWAMNr","70.89","20"
"966330270901912OmjSWipsGyeXTYv","94117060947547438952NlbjdXxhaE","24.04","9"
"657205824507143fYPxREIedZzusQU","90525114638232883950PkbdcEMSmU","70.11","20"
"720514157270241EYpuBlOzxiTkDjg","44420128864503488659fCFSQiOsoL","5.65","10"
"254474669553813FodflNiYjLPapDQ","27931384361158829468DizCvqwduN","75.36","16"
"066122610149320qveMQEpVXrOItUN","60208883461700469398OJYKehTUtl","13.62","18"
"525884745157556eaxiuVfjPOIWZnJ","77801983551668983652EcKDdfsHan","63.75","8"
"463699064587966pdynhGvKSicVDHl","41851183300052147023tUFmLoDIBj","99.18","5"
"098601237239224TXcMOiQtVeUrugj","56484417344490164831NSwslkUIcz","35.33","5"
"253495142808317fWpiuvyVjZAIwED","63852563526914302265BSnzNXEJKR","84.28","19"
"686868336110613LIcKkfnSXsptvTE","98475891469327882035avtgOVfqeP","42.69","5"
"918694685943973oJZNFLbMjezaADT","46270300925224833893qZyhJMaVxp","89.6","14"
"816971285500847FqDSgUKipZbfkNo","41232784733576490283sJogSykTqV","87.49","20"
"152349965746972OZvyETMsuCUfbon","00054968829351813810stbWECIeoY","75.03","6"
"845889236378303aijKlnPGvceZHYf","62146713493384993230OGrQjpUTyb","30.77","19"
"838255217049278ZefcNzyJQIKwouj","66069369622473357104TEyNcwFBVb","90.48","18"
"126504112246601AvebGMfYBrzNqOj","69833625159118394381lgWVyuPrBY","91.35","5"
"260781105918650DCPoklvqaMFbGVW","12276307167467907262OiYadBWbFh","97.74","11"
"934782709831767VDFXCNeWvGwEnrg","68764149415239630101VxnbSAUrzH","46.5","17"
"096889951220667dHPcaDeUoTqNZhj","11103018755997065068LanXNdwiyO","40.45","10"
"873931228382419VgUqYRliCDZGeuO","92569324113220081880xZgqhPnHVG","18.13","5"
"746683081009754OYjhBVHWCRtisMP","99123799707329225126QDyYLWNPJi","77.05","8"
"490279191426867boKAFazJIxEXdfS","47995674566609575612QaLtWzTCMS","90.75","19"
"008469127630535YQCThcpVBSPLsJr","54864789140673929364zPkaqLtUSJ","69.53","13"
"675376715818603VTEtKCxrXafGNJk","19764738108622345789noVtcbSiJO","17.63","23"
"683408569426464iquxaoKFrQsOREV","78102074790462149236nyKMwSBCWx","9.1","6"
"423781213623723SflJMBwghEWITkZ","37650787604816711007HNgvjInqdS","88.01","24"
"590651316859035LqXzBFsVSHOwgUT","36731393837228472292nmRiweTkLd","73.97","15"
"389713034612804VvKcLEaoMlHjzrD","61836360855739560600XPMSCoBHzA","42.09","2"
"295814312710620jPGxytuJCNMcaiS","24451609789107065477SELkrNuAzg","51.74","17"
"624165741080422cxSqPkrVUvCjgGE","68517875494832590287UDOHZSsahp","34.27","24"
"521076897260693GdberaqcFtXhKJB","15387888893334917560rgaFHEQnVt","54.65","5"
"487485789416426ZpVjyJBkAWlgwxC","97676835664666004426GBafCvNQFO","40.2","23"
"348923076053602ytWLhcYzaQowjmq","89818314295087378366NVBuKOtIJQ","31.99","15"
"677779756176506HznmQNiBPlfXRLA","71929483753343344331zpjItBvUgM","39.18","24"
"721556174168126SXtOZrIeaQFWwUl","91106832496411142949vaFeMAxlZV","57.58","24"
"867185810989855NUhxivOdpVZkEfR","42163158111345427461XQJKcMVxoE","61.21","23"
"130047029976801pctOQmahSlDXVqH","58652915315120063862EuIzjCZngY","47.94","1"
"990926841158290EnsOFjuzVKPWZJH","43916186072022888075AZYgWOriLN","17.93","8"
"237376167038495FqRolyeTsgEZNGt","12180299968493050044AaoVhHNQrm","19.89","11"
"986626270913395aktRKnzHZYLjSyx","84418850282007727641FvUizbWYTH","24.47","12"
"930763665013419HaeoZUcjCFSWOEQ","21799115400606059542pFsdtWnkBY","40.65","3"
"467323163163348zafvuycTqweZUgm","93824909301148685112gXxISfkUtc","81.18","10"
"833100707934955hrPEsvmSZXLoDBG","93270070744286615584QEUGvOPjVC","74.61","23"
"802729391295666aLbiItuNjDcmfYz","42668652966731969279npcgomLlKz","6.76","21"
"270845663465370GXmywjhAtgsMJTE","16086049543640773194AUeDXTqRHW","62.14","4"
"197053028184779gEcHLsmiRtpIWqz","19409836052195998106bdotvAzQWq","91.74","8"
"101045125052149gWlMvaPKApfYQxH","17956069715722840380SKwXkBLcfG","29.94","10"
"429677253076520roFyCIueZGpxbTc","82896257435442152671OCvraPAqYi","9.43","16"
"179809058054343WpvGuhKqaBcbFlA","06363957486719121425RpuwrXgDBv","58.95","5"
"037663010377732wBGVCFUtdQlbgjS","79462566039483145765ghpOtrqcFz","59.17","9"
"469198120666318mrpBDatExPjdiHc","34499803173810289944QHKzyvuDxA","83.1","13"
"016216025691724NlRQYkxmzTvtODc","94623000682602013367VJrGTOqecI","22.47","5"
"154034302122550QcRaVTyDhEKosYM","69089350505430774421kwYJeFPElT","30.0","19"
"676629179287809NdkbQySFuRoXTOD","17551013951770382673WzPXDJqMyN","59.89","15"
"792624925346581cBpbSholiVmyrGE","46442693461592918064WqzySwXFvU","45.24","20"
"511474580660704YFAiwBrQDRucOte","59346857735983477225qAzeLtvrWO","1.35","3"
"965572201424298InHiVTCkjtFXGlR","96998219936276167335UaNdlMHJXC","3.73","15"
"465871692972021wgIcpdCFRMUjhsN","97720657003732633602moZlEIqnRD","91.72","21"
"889943602514238KPEaXUcriJjRWMu","97432998644777326350oQHcjymWBI","53.39","3"
"183037519261876ZyBAxHVquibhKOc","23255822477543945601REBVOzcgrA","67.13","10"
"491039823703085qHxzrZebpOQvMoT","43810699492143366391NaMkFIuCcq","80.77","14"
"141428752656364mSRsKTHndCtLxcg","06550546780218252284pvcdFuUNqH","46.1","14"
"466890450920380UaSYeTwqpdiuyNG","55748288753552622436mINHACgYav","87.78","4"
"693104557195405zaRItjwbiTFVLHJ","22218008571495176093lLYWEPdgAa","59.7","2"
"053937046002989qATahfFxZJteNVH","73952498963144852954eCiVpvutST","8.6","3"
"778343820222566OuJcTsiALbRegxM","18895682979101360601UbyvwjieYF","65.37","4"
"085012991579776mLASWaqRJQjsZYT","22913054167800569203AtpjHGrkxg","14.08","20"
"385202308169606vMDPGyRVLaeCbsg","35567286386583665578GcXITqaZVm","87.1","1"
"562919893176757REqXOYcSPMjFzav","99408795947647253095cYyeoRzQAk","24.75","5"
"393563804909733yMFpOVWPmrZIJxK","30761641739493455181dKJUmZBqGC","96.84","8"
"532141357348359TAIusHLhNaZSCoW","12908879762102759290wjobfEcrGe","46.62","13"
"849548808395218nTclDWqudSiXOKr","15486164852962806689KvaPmpuOsk","82.74","14"
"705330160404677qXGEzvgmSRoupNF","59514944779888905355kOMXcuQBoy","59.2","20"
"124754314965507ylaBxXtKAzTFuLD","12657479092166573363dwnZSoshcU","71.2","23"
"534102459022470kgKSJNcOHmIUGCW","81598842518123317258FZpzYDXGUO","33.04","25"
"053018605420697kILzeWMCyEgRKbZ","22219927130912520922WevoruLMKt","15.28","16"
"228822685913914owYmBQhWTkiAnJx","69999567507015528356kvfwEiaQdG","87.74","7"
"587436949855628OoaSFcjsJhHyvpz","85598688708863284159mkLfQZplxO","5.96","16"
"032783411764740QgnHSPcriquEaYb","21024459945295626797KvRiXhnFgz","73.77","3"
"905683363867158VDqPsefUFdkKStn","83285771763991936071pOohfKPadm","29.22","9"
"801735630800650KTOLoPlZWGsxqkE","67921026319187093351HysjbpYqWi","28.2","12"
"038616682806665VsCoYnQBuTdZJDz","19116448439504505230UZjaJozGWM","8.74","23"
"756485866788085AJjeUSKhZzWaXIH","39210689641001653127vblSUFkBMq","84.42","9"
"436693471750065zSrmafVWPhLbHMG","44207589183163153831spyntDfYVr","50.14","7"
"807965596062038gPiCEUjWunFHaDK","51583529706855026229ChSrcqbfPY","90.32","1"
"440644833655866PqlJjXegtpZvdVn","88517887965188423704OpDxaPrbHc","42.83","18"
"874257282756646JLaDtVnyAskpliG","43288198815927890766tOFeUzLgKj","51.63","5"
"317530726216386fLNyjtMdJVYgkzR","73612287706170317453myVubUlZQv","13.46","5"
"488428502853513xfAIwNZcCkoubhe","44687191881362004059POksgKdlvL","59.17","3"
"318676830713513ZSpfdIuRMGKFkXi","11401899776488948304bfByGANJMO","3.13","2"
"048475576199294GlVZpvchSDmwYbH","48662439579529077324LBpceqWzGP","66.93","8"
"445950125140995dVHhpXPzBLMbiro","34559904014268496855PRMIzfyrJs","83.0","11"
"477960668009676YVrWqHBCylzTgMi","44322917816274608087HMpUNhjAzG","25.91","11"
"963985899612856iSRygYOxLBosZKP","93180616717133546004dinQRIPtAf","26.79","4"
"282350919713227YnZvMulcxTtzCwH","46971085236359704442FkYyzdxlgi","59.72","6"
"478164437730188WmoITHbRlAtXPBs","82558176915429617110ZcbkPdiLFg","87.39","4"
"792251801255710nXGOpAQVdEmrqDw","65576232065672021460VsWzreFTEo","18.91","21"
"155477829365808nNmsPlDYgJRhcwA","48036636307431977063NsLBkbiUTz","53.17","15"
"434683805813299sICrOtbnlVvqPca","72302356464852878649OTRjGXeiLu","93.31","18"
"030844099769406XoNafShutRdglFb","01356722201003790944iCIPZvWmqH","56.44","23"
"147538838889572XGmgNuSIOQUiCEH","51091642616568970476NWPaGlAfoQ","84.46","8"
"423496046239480QbrNkwjVyfiSmDE","58896904826305619731CaSVDIcWoH","71.73","22"
"259270320230809vnwPTNqQYMSBphm","06797680018608811206FwTCaZQABi","19.55","14"
"679063378792493altGyNgPbvWZwKU","94251241056913209757WoNRMVOscH","24.39","22"
"893574843591572ZyzUgfuocsnpIhB","45522271378036518353cCLQwESgYA","83.16","16"
"021073867203211HlhpZcaWCDuQyGX","50613090160449871784MSkBeycITs","19.8","6"
"895585132116151SpQeLmUtZVdvGcx","87634262026985506683THeMFLZCGO","73.33","3"
"182385120589324fsVlMacWqUumhjz","48344933838285697183lLaSpfFIEe","67.63","6"
"602870042881900odLICpfBEygiHzR","26830294731117062242AoPBsqSbUW","37.21","10"
"937383422473903uUBeOLGfisZSEzg","61163127547282551748CGlZYrFoVP","65.48","17"
"887783686845606noMhLJKrlbQuBPm","31512761356731386161WuPNdEBfst","62.96","20"
"022499358034631dmVUvDlNhArpyIs","51781941271159518925BnkJoWtsNS","93.96","13"
"484475866017721yVGBwWpQULXSArs","99683092932750600801oBPsQYNwcl","56.23","11"
"197557152798714keJBqLQfCshNrAz","95224946073696100162FIBpjgzqSi","68.62","25"
"849571208765877CZDOVpxsuzrnTaR","93554781559012355222JEFyCMgAbt","97.02","18"
"279401376338109rHnNPDzdGgKjVeR","81591960517184995389gOCdHsREih","43.13","2"
"945877499683368tFjkMJBqbVEwLTH","36081616682485115609KbHnEFkrae","45.14","15"
"213956871566207mpolCwEjBKezUix","35401097558719645707bGlgkKPOpH","88.11","11"
"473477115694675wHFNCujeKfYanVr","47981736236570968498qrHWmIZVFy","28.83","18"
"852023683177080EycSVjgphfIwueU","27233178092484984543SPAlgoqeyY","79.5","17"
"493769911577159KrtVpaqeAUJZshN","96733843597699514335jUcrCtHkDS","16.93","3"
"536915823923649nGvCHcSxypVkfKo","52170124955927321853HJYvyuoDIi","33.68","15"
"570802357585881LjQmtoIPiEskDbd","49850057073781950193eJNPqHuVMZ","42.28","24"
"683038943603170YHRIzCgZxrUwefF","26244284887142241799zxHLSheRnP","99.72","9"
"426131273736744ZWhRDFqvOjLtNlA","50675737234274888065UEcYHqtCxM","43.64","25"
"389011546452196XavOBSmwCfPUQru","24837653023000057924DjFrhZQnxO","92.5","15"
"184041549694639uTlydYfWVIiNZpX","58735525060842277155spZbrYqUtS","72.77","4"
"237683509807947fQBVCikWSPoxEzY","63660909089296406878KtdkGsmHwn","77.23","21"
"092212143879435QlGqiEvjgfzWUtc","75434449501521863023eCZBJwVMmc","77.4","9"
"615767102002296CbDrKFhiAsIHNgy","98631195485542767154FjKBsbUOAz","37.33","15"
"024084956144054iwCdRExmKnUzuLe","30093963456898044365vDhfGekMbr","56.46","11"
"462412380129736xiWsRDBmjPuTkgh","60163605159756421943gUMiIowPKJ","79.72","7"
"183667071838040xnYyfHieqAoTjZL","34702358488024637178sCSuPjrekt","49.92","7"
"603516151962776lpsFxXurRiGfHBQ","14132258515127924961vogsdBFROY","90.56","16"
"209171162505946vtjcNiVYyLBWJKa","54914624694586876776uFdjaHPGUW","84.67","10"
"686830790787639YjyJBgsQTmRVxbG","15446833299309008766qFahPNpQEK","35.18","18"
"756233861696489fmdigNncuKqtsHr","76082435734638135264fjLeIsMKmo","36.32","9"
"956842505239953LPIKChMVmqwxyzD","55613910128756793483tYGxfgOWDM","50.71","17"
"296729163859235XgZOwSuvlMfmWCj","64539597292673436919bXSwsoIJca","88.24","10"
"428722189860668zlfgynVORkIKXrq","71070291419775862373KlfivhDGzJ","6.68","21"
"749960439097476tUnjZdWVsyPabGq","58824287939383670052rvMLpeiqSc","14.12","8"
"437990202409213XpPYtHNIcLqrGSw","79896206213524765814iZesjfPnqA","55.18","6"
"810478133986109SGoACihyDlTWIpK","47132073313071782330jwMsRbQSKq","24.94","16"
"974894142608049FgqWTifKwDBkcoX","31846604938737865528ZjKIAMPdQB","67.64","15"
"040904002404681flhoOXZmrtvWjKy","41423066650797727640wdUCITLZpn","29.82","9"
"012342497371568zGlKuvnTcbeYksJ","17019885644557194416cwKeodWBVg","43.21","19"
"181485447706365QoLkdYNalOSMqGh","11180368352810120338aSAOtdsczV","8.72","5"
"841466035861899XLVQOnJtSCwGaod","41930583698471892980IytEXVxiJo","30.82","25"
"258107802587195AtZULPspMJCzINS","11833194578406852427RZSmkJszdp","88.36","25"
"998537932968721gIFodeZisYJMTwu","68490873815296171390ilWrDHNOav","57.19","22"
"215056943828293NZlteCTbYWvdPkK","57469964886696929792lZFmfswMyV","44.47","16"
"691523629903889YrGxXkWywhVfgQC","26683555798018021978PEiaCkpTrm","15.64","11"
"093133770214897ilHcVLuRtCobwyO","92208949242146536650HmEvbIKlCd","39.85","16"
"341701596231961tckUeBArPDRTgGO","84942766832855281098ICxcdaMqjZ","33.5","7"
"984167438122452oUyDTifWSOcJeFz","38650949850481022331tIwFoEMyWe","12.71","24"
"999853052740532lvugrzaVewtUXGh","42121492329452794145CmigwJDvjo","16.53","20"
"001685293487530jVSguvFqHMaiRlK","20054247422535359111UbiDwGjznJ","20.79","1"
"929957599572510HhztKVPUYISqvBi","18551175924342118182TqDrlfjOwg","37.17","9"
"836076496300280aiZRBTDbxFUVcdw","88661702804813222405hGRPjzlgcZ","33.13","17"
"096816409249261wqQvlEHbYuaLPxD","69764993081953266101IGzTDUwKCf","68.57","10"
"928602333476489XNJSVZrfRTKkvlA","05019199347989085756wPcZqgnksO","80.82","13"
"661464083745499SjHdymzwZLgNBvr","18868842653140520931qOFhPyYAig","51.76","19"
"084954698725563kgIchjayRFUXvbH","92855802390879196249ZeMQfUVykI","1.96","20"
"300903699440717QgaItlKkzcZwSHb","19017919687273944294KTHfotsnQR","25.53","16"
"482537414331938JrKUHXiaDjEtyMc","22926787623594969699bKYuayJZzd","17.73","18"
"599581320337474GticmWueRsVDTrA","10951099152278716283HUKgQwxBlX","42.19","19"
"925595264806499CEhVTiJlzseQXWM","21392057644761020691xAzjPYCuDZ","91.75","1"
"879379139730160pcrqQPYJmKzyWin","40996037906782328340uXJSlGwNRQ","86.36","6"
"791090406342845gqyROJpmvFKIfTn","43980882099577737117aTXjnPWzhZ","34.66","21"
"926936897804440SaIsqrAgGOMYHDB","70142119141404979971vGydIPYmOQ","44.5","10"
"660730125605941FTLQkvCEbMNXzuD","52693566470455554950rUiPmGweDu","60.92","9"
"989839385000071gQxPztVFLnMKcko","54981705314206922092MycLWNHOZw","68.7","11"
"827423334117861dgZGKaoyPvVjpUN","13194737571703094507lmKNFPGAaO","34.79","13"
"997609046012744VMiWSpUvjgoYXDB","43797469870166379064upRQqBjyYg","12.75","25"
"760701833233999gJwFhqfMGNldvHc","09020297882942252485JDMNFSyOAT","86.81","1"
"223005448756560XZaVAgLfBvNuiMn","58028272336632530378eyKvCODbji","1.62","20"
"248219937261788JwNGMcWgbOySjAu","13579725541553307427ZaSIwzXOYp","44.46","10"
"984271767306317otkgQdaLAUWeCws","67956159478797216014nOdSbLIGVQ","39.7","23"
"231678360205486thgiuoIrfdRxZXy","43416043740189720029qXrdJbygsa","67.46","19"
"311921413356727FtNPQISRpvVnsel","83806289918828580471gnqseOaiNE","11.89","1"
"896345708260536gZbkOURhypHeaoj","30831325698055561388pbsCfngvVH","36.18","11"
"872937785261003DrcEpqkLYenFINm","08351778957218943431tPukjinseE","34.88","10"
"984859533522312kosExbgaGHqcZth","46231759946914541717LHbpGdiBRV","45.09","9"
"277794935891149wZTEMdDcgBRsQex","12775050666689131352sJYlMSkERL","71.05","11"
"663986430081048DVqsrHAKfdXFkxl","18723345646706164093DPnaypLRrw","99.28","6"
"524945829726164oDZdlFatVfWSunr","67542128353316194669XCiHLBbRaN","31.14","23"
"337830348199709lJcCKLGaxysIhHX","50088808745487153743eNSizIaXoJ","77.05","23"
"541977763954618PxmMEDieQbKBGyd","20110631916874079941YBViFtwCxH","4.23","6"
"747301586311832tGIBTQOUDEAhFqR","98445532533315433343TsYiLFUbzl","94.95","9"
"252353329125255kKMaFyCbUsQcgWp","19707028510105398206nHszCpGiNB","51.95","2"
"365498667143805RjPrSpBMTXQmlEH","94640764715861488601AByfRcGHEX","56.76","15"
"771643265556226vkKzAfnxaYOgcTU","79278311000047251509INvLMzdEyX","34.44","7"
"293117839062373QHAfrGmulDXVIgK","07022924768202915831ZxJYRvzMkt","72.3","15"
"834012076551437HihRNZTDUqbEkAK","85982032429359909894PEzgVqxGla","61.82","15"
"555037262885071ZxRPXVNemkzwUly","46477086736550866944tjfaNwQdJr","68.39","15"
"315848411449239sqBcINfCHRWSaLM","69793279523196627562QGaymRgISk","75.63","4"
"576348446678125emzRapdZlnAgKXL","04177908921754752788WfAOklUHmp","90.77","17"
"314659344022836AEVNUWLCYGbzPlt","22061204224546684541mbvsWTSzlA","80.53","18"
"425226673520952jHihlxkvKMFYISQ","42781548968332931816aoYJCcRbTn","47.89","5"
"864357122942469SkbZBDEJALYlcOR","80898931202030282675EjaeXNVThg","8.56","9"
"708891728281884iqoJBuklECUpFha","33046700559108961958SCVoYcBvgT","45.25","2"
"756707309079160NTxehplaUHdBvmJ","87813196729607214671bkERmLGshY","58.71","20"
"308877205819985fHXpFDhqkyeOxwG","90361816513734524641cCmWZotphV","84.13","22"
"872457030485744gKxiRnOWSyQHjZa","69438022802214026734MkNvoISyjb","67.38","8"
"041946370778363VTwQKusBcIbpyXY","44843421809382852362meYqdRQoMu","59.61","16"
"006259704606165JZiSgEfUhGTrIqP","22639795046782553565jtYMZyodbE","8.93","3"
"166970880274141jhexRabOykLmJIN","81010430227177650026oMnGVyLPlQ","72.38","2"
"546050470723759TJIZwjECdkFuXgc","45731214217342599674myGviHNFdc","57.09","2"
"024137512660333mQDbaPOjEuWCAkS","83655216307595292801xmMfnOBrUS","27.27","1"
"350770371309201KsMerdhVxyNgaXv","65365734926724102092vqYEFAOZns","51.6","3"
"384562212737623QpNocMgZSJOhzEn","07943938823696583381EQOZnjVMvy","63.24","18"
"697480441532896bkgVPUEqlashDrR","81636134594964130066GeRaPviCKq","25.57","3"
"029378737919177GNgdJjnviQyxDrc","33048248044500725319hbVjEpmfeU","24.05","20"
"172361221234739AGKnHueVbLcWkyE","25763033968479082883amiWsjbXPv","46.05","13"
"560180026738113MOkCFixQHKIRtum","63056327573590755363FeMlCLdkxV","91.77","4"
"234715473930472GQDaUEIKtpZdOBL","66876062973397400492SJYLdrBKfM","20.54","19"
"538030026867895oSkqYGDjgmJwhsF","70925218943883893748jNzWglOSZJ","81.68","13"
"578625622391738NItRFTKoCZaMVUe","13299068990866959042avdDnQuwKg","96.61","18"
"342913386871085skTZYLhKOWXUHFt","25582194901403901744bLVZyFzgBM","79.24","11"
"479655770470088cYbKGdiDxqFmHgl","13973128459661115390GXxsATBqcH","93.33","10"
"272134998771431WuTeLDobtqpUJQI","15805713968389883853qRSVwaDHpY","61.9","6"
"820698717895323ZWkBFrRIjChvqbP","97009120008644184873gSCKHDGshn","35.16","1"
"550447252415920PIiTvgZYWOESMwn","66719665242546787854oStydZMqae","95.21","18"
"994388032235698cZahjoNMHqIViFY","96021809350800880329sRuUIbZlvq","83.13","5"
"063866548136448svWqlujNDgtnGPJ","97069857981564306233sQOEGaybwZ","4.44","24"
"610849249793882uExgtSYvAnMfjwR","09693874497204230414RyWaoDgJXh","57.82","20"
"421890877407214KVDcSmljeEBFvbJ","34051334831458034616AufxUVosXr","30.78","21"
"787278157357661TXEUrMBpgFRhLxv","14683578166878918944qvfkzrmPYO","46.33","11"
"489564019456188OsNYvIdZBpXLzUF","09127363220709229127eWaFJvrNjL","53.78","1"
"378071624719955dwuOWGLaeNJypgM","15198430720320555797psyoaUSRkz","26.17","11"
"021204495084434NFcOQVxjXPyuiSb","51810271300584006110BTOpZorzjR","80.01","20"
"766867845470073rqexTJhgEkBaXcd","67381269121348683587iQTObIzjFq","98.41","21"
"204126830892249pILNOFsTgvhRMVu","52289692480671937973cNYIjoytlh","11.07","2"
"182166652086732UPckvfAZMptXohN","42334920036226347034TEnXvcZCPV","59.72","9"
"467289888626090mRyrVWetKzvbdBJ","99440032896060845988YHRptkWJne","30.11","9"
"789306318003997qkbGctgifYeyxOZ","21383877270603893897hXrxdTEDLZ","44.13","22"
"699703434239760vpyOemtMCKGIiBL","98746644213202753898FsNZyaMIYk","81.52","6"
"683743171388421QHTnvoxZwgdkKly","16574130151993931622sBYuFNqAMG","88.28","6"
"977576158667593odngrLvpMJXPjVA","08189080068976596353IcinrXxQJB","4.85","13"
"646366622734838dNlvwrqxaVheSRj","91328565497728073960qSyJlVPnak","69.47","6"
"778381914573348bzTlCQHfPLjIRrS","05941888951405462709vWDfbQUumZ","12.47","15"
"648870124673237UOouTHivLhsPCXN","61436530008099885925LsHoqYzjEu","56.25","5"
"106215550813283RKhdSfvYojpuGqU","83612534467442518590OCkaGiHzls","7.0","10"
"880614565958985RBjrsWtuPFMwhIv","50088268898993636751eVnIarjDFm","67.97","23"
"718772761924125gxkQMKntmpjavTB","39647519267461854777srHBlQcNOS","87.14","24"
"163402536174228FVkXoeOJuZHDcpN","26088453729676804142KDUwZpyAXi","53.68","20"
"534662113579542BwyzgFhuZftCnjD","98516059698404146828lHveMhUBZa","97.57","22"
"330773092988930KstpwuLZeFEJSGU","55895266516849634152ZMpXisEgjm","15.13","24"
"255802862061109GNExIecAdMamLbl","14007697428167085074euTZwCpNxF","55.04","21"
"145456589793456SdcjXBvquVaQwNg","66765788828880208054rfZemChEIL","8.38","23"
"712742641599175UkWKuiQgIdfYVEN","56946763191736314847DGtkbORLWa","53.3","2"
"446868909539240xrTMgeBcZVpouXR","87630294051750550511utiTQqofrc","74.19","1"
"533122627078175qdzIUpfotabsuBr","64539501989327178979XpRzIbsioU","70.92","15"
"735390419094566JLUpGaHnCQuNXVt","28880934506104038824cleQgPmHSV","29.84","22"
"356083351333060rKilANVBmefOIUd","48279680074483893005jkKBZdwTOb","87.24","21"
"464283586476710wNosvTKrJnWhBMO","25876268212118629048yunmbTlpjA","37.97","14"
"428138994120795YBmJGvhXTEFzrbf","28774022785097506470pCQihkfHyW","86.27","7"
"236222998301210mlZQbzrXSswanyI","02999095488706503686TCaQMvywEU","23.76","25"
"418867996480455faugVGtFUHYLlMv","39153912386499244819bClLPuXEFs","1.17","17"
"383819622274735btgXEdBLmaiGxJp","33828184317837990733qsKBerpYlf","80.9","10"
"477258224300548AjeMKpxULwoTqgv","99488398731653149712vDCIcWbVgG","73.94","6"
"199710128337212izkNgnRJywocsjQ","68674424091796254267yUsuYnkFim","11.24","13"
"489923672891263DEvxHbAMslqeWaR","43120337784542947836kAlLTxItCf","92.51","9"
"114025207971532aOcZwYBfWkHmXDg","25485681723264512458SDHcmfRYQK","65.27","5"
"086361360083675TlwrdhxfkHSeBUE","10542259397191504622LiwlWmvgDx","91.92","21"
"704039890650936KNDYGyBnZjlCktW","08650260433958787567QwpdsLzRyM","15.87","9"
"862635681117981MYLHtqQEVFzORBI","81944824774085369872bvaURguKfW","54.98","9"
"260178399083996wWTUKJzlqZjdHbu","30776709880218194687icfNwsXqTJ","63.7","1"
"025034202563498HjAoRZuqcvsWyFd","64204460638252801677lgvzBTjbFW","79.34","8"
"652398056330330ygXqjntJfrmOzFU","36520629329540206871hgESUxfjQB","64.88","24"
"441723970217358AfnWLdzcjXRpsQw","45479005969344868956dCNTlywuOg","50.93","1"
"892241743079812xekCGUdosljyRnD","77738619346798057992dKktfJnsNr","11.79","16"
"205579129197662BOaUDKJZnrbiyXP","88260096709979269270YblKNWBFkr","78.03","9"
"056997568949760yoASwhstCglvZuQ","80877076383513101339IykrYutURa","26.48","1"
"376580103835065xEisWpzFKjNDgIe","18447662085515994693ySdNYqDhRf","41.61","8"
"019814518500082okIAGrjHQKUeTBV","43258007079593181587NsUlqSZweh","77.63","25"
"990722192639576eVhaTdScjNPJACg","82852032809240796662nLfUVhzglB","87.8","10"
"761035712809085kaopyresvXzGhHF","23427319257609699298HjzFDdfsyo","70.75","7"
"666614524660239iOplebodykFNcnL","79705869327315856521ceSyVLgNTF","87.39","4"
"556199424819093cqdEPzNKtQwOImV","93502247570471277422aTDeUqACGu","98.4","18"
"390910385070950OhxMwosRkEALuWS","29183660614481337796eBaNJMczIv","50.2","12"
"614548707813654VMbnmwQpOcHjCNt","77308406450059634674wUPpCDEZzT","99.1","9"
"186748008566276LxAftCjhQZHWwBX","47362438142706379972DBAQFgwRqO","98.69","20"
"827886689503433MjchbJWqCUZdLBS","99686369015499435553hRMLUDEomO","9.56","1"
"049138163741845lgQYkhdiXArmCMy","14496941764570560991orTitUAeZj","18.24","13"
"816732373847489YHtNIZilhFgASVx","98308628091822833638CycSBAblqt","63.14","1"
"209979632068935aToEYcBbjGgvdtJ","49596390399754397391nexwzSrapv","62.26","9"
"987863320430388KkAaTCtUlEXSspH","06853254318325995159eWXmxiJvHs","17.17","10"
"764458114538233cXQiyfvgOZLVNtq","17064830128885976900gehvDXbQYT","57.95","14"
"078023465445582GtTbzNXSRjdhocw","02010477056464482685GBOyxpRbkc","65.02","22"
"953094318523572UbySOLdXuCjeWaP","75420200950704021804CxIAwgpFfm","42.89","9"
"840411860548932lfYVvjQAObIthBH","61189337052385806192uysVfcMTpU","52.61","9"
"109308654217293YWMUXIBOtNknmvl","93037568919229221890LhBqDCsAJV","11.64","23"
"514613977425610pTPhfkCiLESOUXI","05482443080142114474UxFzeBapPm","9.38","9"
"315484687179840PSNUVqTsGuFgbyc","12297033302327416028JuLmVPFqcK","12.59","17"
"324488017211775mZUhlVCXBYovAxr","82735792000428025165ROUGjxeYka","33.52","12"
"236360572199997SrvHsUYhqypWImK","28654263316088515631xnLRjZlVsX","11.26","24"
"849681006420593jfygQuplbnZmGXB","61857696546287990198mhVtPGqgxA","24.87","24"
"796331735162516OksLbIaylgzVwNx","84786695725225051480EfWVXLoNDG","59.28","20"
"536893293314924opPaqDCnsOwcbMF","09364129114739909637WSYLVNpFJu","29.11","11"
"495315743759347roVaSJxDflwKmtp","72683135213304337605tqHGvazQcE","39.78","3"
"829346089658391FqTBLKWbVcawoUl","39070813780432639067AlRrFSbNek","34.96","3"
"600966078926239lvjwzynpheOtVfX","96130371770691592110tQKMcHEivT","77.34","17"
"950775923523953xYwMtBWcLnmNFHE","71500600101906241389jeJMOBXWlp","30.46","8"
"770156223159562UEbywgORroYQlmA","69484951363391096434hPAnEtoBXJ","12.69","4"
"437570760679054bmTJEYKowFzlniB","99090633018364843646ynfKdiGxNv","80.48","8"
"881844240897813yJiFYfrmzequsDR","64465742184338556306lIwDnKrxNX","81.02","14"
"865286189534453iUHqsnEFDfNXcPp","82665612768156717712riQnoNtfyH","67.4","23"
"367804818794633POlmteXSHTVdWCR","60053455332253272090yxLZHrDteO","48.59","22"
"123602307735152WUKCVvdzEZTsQrq","98339059617141236626JPCqGpAUrk","32.96","17"
"944458222576996cXRVKpqIPgwfsLx","70490609862055134145HOMRxAvilC","98.6","7"
"721275780123692ZUrGJXSTNRDtYsu","48125414047685688217WIvmKRsUxT","43.01","22"
"343821142819066KmOQAujNfIpyWLX","49591012498925442931QUCeKPLsgI","83.73","13"
"498684096503277fRkDXiCyprEKZeM","70302177734264987708FIqoRsNMtQ","79.47","2"
"894059490798457bGCEhSMXynomgDR","08214110002066089607jqCnHULmQE","86.35","1"
"877958330920966dMsOimACHJUcaGY","27513255790166159315FxUaQdKuHh","24.26","3"
"325468553684093ZlGnoDLvhEbgMdr","42587134322858394205xKkWGRYHNc","6.06","16"
"261120488764089YFSjkhdPyIbEnvf","95145421749943495704ELHDTewXpq","34.01","24"
"533559210769792gmLdoiTxpGhMwfW","10655896612751214049OfAgabsNiZ","71.8","12"
"705699205006991rhFlGtpoafVsqmM","02006245965313133856jMuZhnrfJC","57.49","20"
"895249410950775HdrLGswbhpVDWoF","90027112901900775184ZShYGxtoIb","9.68","20"
"030133300731535TLAPznENBjHrdMc","41161252613643593677UMcWuDOoIZ","44.01","12"
"123795930883325WzuVCAImXTReMOv","27580204504362178956IeAgsrcUNO","9.86","11"
"656956637975861SDcEGnvsOuaKwVN","75323506169781285274jcodsMmKEB","56.97","4"
"232336221869226BOtPmcQFbWClxpI","83532153220509671338ACuPfxYbpt","47.65","5"
"268084948458237PBkvKzenHXwdNVE","92189241681227450659drqCYWHiOX","6.85","4"
"993351578063607yoZkLftidVaOFCn","60819691268123344645rPKMekjYLO","65.53","25"
"181865570671741tDpCYqlfimxuXhg","77250935214961665316RipwSNjJQv","4.0","17"
"474534289076699ADjpNlmnBEveZko","77467491931843535833ZQRATXxYqH","98.57","14"
"961540338249100dQphLKImfZyzGvw","90683378488760271618nXzilHCYfR","71.58","22"
"214534267975210zeVtdLFMXlfCcDv","36715326502343829149ZiToJmXRSn","32.72","17"
"007759775018249VKtTuGRqrLWNidb","29474031730985846405PcJBgZfYEi","98.41","17"
"690844048651694AzhKYmPydokQsfx","72047659360652945991xdbWwNLyVl","73.51","7"
"634064587960418wRBciUJhTksZKFy","12486320055060129851hXNvTVWULd","22.22","19"
"573818700708267ovyOZAIUXucEsGp","95494010362374719093adIrGlOQHN","29.9","17"
"913651063385808QBGgvExdXSAOLhp","52229046819543916591rQMzkpEoVH","13.84","18"
"366103959222144IMqxPgUwWYpfLcy","69304365008090664999JEnhwFRXcL","21.63","13"
"824690685603635oWYFpkNMXlZgnLD","31103116022764337355rdpBLqFouw","91.18","18"
"246511590940848qxBwTVODSmWvgRj","76583436825202822491IZeGHnOAjB","66.78","1"
"637602018774056TzCdtGrRqpsnbQS","19001467438443003287dsOCmeWkuY","35.09","20"
"215420584889515ZkCQwWoHRjEVaul","72625785427535526493FZjkfrtxqX","8.91","7"
"451257552268066ThBglJaXwQFqUNV","36338620796886246414KGjTfrYOBm","5.12","11"
"819899852852141WhJDkQUEdKgBmPO","79943746768384361199nIUieESzJf","5.01","22"
"754694573002009gFAVykLxjtJYwCN","28776557138698489196iUoHjTJVQt","8.24","24"
"453328838690129WKAxprgibVjtdvX","64936108314041209855ZLfRMdFueE","27.6","23"
"384832008250269PoTHFrXYfluaSKg","17418849837024069858AdPUTivJZp","15.7","7"
"123151826551449nRUSozcvHlDXQji","11688646320992458482SCITtrNweG","82.59","12"
"544468704304055tDSaVjzUPKWqGrx","15490625571695808455hfdHBTPczg","37.87","7"
"135009240202276GPLudKVvBUoRqAc","59220895379280326988XgHAcPiWuj","49.06","17"
"615117372309201rPkWcusSvBZqQIU","11523077940394995131GiznJAMjHZ","68.16","14"
"808437307669181VbBxXikPALDSCmR","38807317503055817113jEkKmUVnXr","58.68","12"
"785092416577072nJpdZhyvtSIHlkF","92683669988817447938RxWoGyDjpY","15.05","14"
"355098144529655HGpJmnWueyKzLPl","68807398473516159353wuQoJpbkhj","16.42","20"
"860786447434469XuGfVkIethKWNbA","82521507678634669100isjuvcpOxt","80.78","5"
"954329217350431fcKaSGYNsREQezA","45657861006899098126wWBHZEsTCm","58.21","8"
"088698454282805FOzGStvwIANLnaU","56571692832187798271DlpIvNnoxC","3.02","21"
"391886956310398fRaswtelKhXmucQ","90416903173840033287sUHvQoFmMR","96.92","12"
"639467034447968wKSBEvVIdXRxNZJ","39927559021800457603oQYbMZHAId","72.66","6"
"993031882209654QRbTVMZAemLjKCf","80387456707062358705JlwMjPXhSp","91.64","18"
"186788584390168KhezEwHGjfbROVB","94070350648780851879DCTZXKsSLe","99.9","11"
"661317660288544qSngafVrsPwubYC","72077946105225549746ERmsGBUZVK","79.62","13"
"260096498207690sUqhDpOTXiBuZvm","18391046348056163941rkuyipPGZK","60.57","10"
"739586123504144RTlNrqdZctYfLgE","66069501931046206804cEOaVHbWye","3.54","5"
"006484577395906JXLAOokUrGSjpEy","35368628592010342673IjCmYkocrn","86.13","21"
"795044753371372lzMeqOVRwjKLhov","48320316032266256320zuADydSiEh","3.23","1"
"485298061105853kXjaOysdgqWfbHz","27210234559420622597qcgDlGuwON","42.43","8"
"485200344630490DxJpqBiYjlfrLON","30795237471236712180pnCTBhFozP","46.24","21"
"184477889040403LjWSOMCYFIfpUZR","92962797545965436053CmFiPZufUa","52.94","1"
"583682780681435lBcVLgveNyUMOsa","45011527758044793461BOjMTzWPIE","54.02","1"
"627928909497019IQbwvDFBPpuCMiZ","59403570843878835608xRidvzbtwg","67.69","21"
"385514147155343OgsQrKVmWCBpbtT","74876872571547818310DmfdjQqGtK","97.88","15"
"631435589309562EGuQazVvFtWJCTP","78699146230349487055ubWGKihYeI","36.27","20"
"081363229013405MqPTZHufCtzGmDl","87800667514870009052DhFwoiLNpY","68.29","20"
"841540625716642BWkDhJiKGvqgIMF","63538995859568974716CdwQyeVAan","81.64","22"
"930795277105979UlvMsaIWCmxqdkf","25480659764036540992fJemDVoWwx","56.27","15"
"330395950523749RhgCfnvqNyGiteJ","98515322385378286620DeMWhBftwn","27.07","24"
"448186276866953NJMlDAYugbLftQi","80680825923546158794xGIrAYgWZP","9.42","18"
"608055446794612gjxkOpZRQmYDSsF","68592816198719166113PLXRaTvjZs","9.43","2"
"647463089359810AOiDqeXoCcZTrsE","98499727513540214301tEhBiqNbSw","36.6","19"
"879716796119364RnDWATZErsclpyM","61356383970357454126JEYLAcjyeR","8.29","25"
"217783621884795zkFgufVGLbWaTQj","82336325342575588618eQcBdMNInC","53.6","11"
"637802795218481LQlnTZSmoqFitbj","30991573517430564588UyWxRThetB","17.41","7"
"482571706253227LzxkwqGMHrbOZeU","88196139170633226038wEHTqOhdpc","74.92","11"
"795433410594455ovymGnxZgMBLcsO","35072933636050812522gWDCYUIQjZ","99.35","17"
"662394471021892ZMNBnaUSjAKiEHu","05880850585156211279KGVbBMXoZc","11.19","16"
"056811848742458OylVpWHAjuErIsR","35054884102555665243yRutTrhLUQ","26.0","23"
"098585080155792hHgkyTMlwLFNSDW","73731487885435433797HznepFStIY","94.67","4"
"751626264975874bUgMAHOaIRDjozn","40057240059831579589PvliBeaqJO","60.12","19"
"803125747944130DLQwnkNhKoTXWUl","82430795931335916949pDftsWSRzu","15.81","17"
"767348856449373FwhbrmLEieojaDR","34392103907700978663OvaVSpfeWD","99.26","24"
"743172112036542HOFkPqVtoEyATiw","82477586132236860195CVEzLeNWpF","85.65","7"
"851861527331393ZeODSGXpKdsfQTc","21761745401486014486btKlhpaBwD","61.61","22"
"844220213061237JHNPYyojLuTWwnp","33093578478403977708FpdeUYytTs","47.56","14"
"125425721331134QWvYdtnmNurUDXZ","39687651495731446183gqSoBZCxWa","23.04","18"
"506969490750521NQOUZKeuLrGWFkd","09869043767945433098LOMfKtHigo","35.1","11"
"327176037849720ycijLvDMONhUfoY","09472152783472517578NmQxzHEMnR","86.01","4"
"221571412050286bnIhDPcdOfuRyZm","73847892765694979855CIDYzcMeOp","21.95","6"
"599958834907390HIWvoXjxfBNYQTD","44156921530946091335fImENYbwuA","62.99","10"
"185931454396129CTbFyYKQolGJpui","43663245949007459214AnTWacOhFL","92.92","8"
"956105310112841bxXnOCDkJpuoFsg","22841633185319259709xtGJLMofyB","32.73","20"
"844471918552124rFhvkYfRUoOSnDu","32584713386923942222iRoHsJqyGk","8.57","24"
"850552005046428qxLfSbWJYTFRPgK","95713324364272564649vltiJoGVIT","27.81","18"
"482528148985127whHcJVjCXBLKZfD","82042739305274233585rvTsEgqhYV","31.12","16"
"008799627123105EzXyKkipHfOFMrm","89405550765525938236jhelGypRKI","17.13","10"
"135519629319985GvRskXFuxErqeTU","68341205888258314360NDgmaqVnew","98.64","2"
"255824022073229XvdMwSARYzLiaFG","19319805356793243244DkxyslcGKL","34.8","1"
"397836414747431WrQsywVYHFBjKXP","79930461934338078284kBMNjfohJv","43.29","7"
"352177080176370RXHgnUMztylrKjV","37229175284064234716pmTvZDaAgH","9.67","22"
"305600358778251gICcDPTAGKoQYms","26412670975887412232QeCqosEVGm","9.27","6"
"785743269768412hftDePaFZMdyJzn","17235336375582576953kvxNuKtqXW","81.72","18"
"193790409687379cJjWCFLqgOUQmbt","12016520290168045830qJTCDbUuYn","58.99","15"
"967545279700791nDBEYtAdRqhZIGT","16819596824859500800KChSQgRTXa","97.35","15"
"868394418396347eMzSfRKlCVGcrUX","27365338788276494588WhBemKovwE","9.3","15"
"443104924990208mieqjEfnlxcBQTY","75211516304084365393DSpmYBhklr","71.84","17"
"261446338240250DBMqtoXNOrIcVAy","43032534280563390186uVFwjIQSUA","80.94","18"
"609393464005139NGefxpiWnJaSMBr","01222393339684874054FGOhBYnqXo","8.31","10"
"197738308296223lcLWqAfXbmtvFYU","84474281318094491173dQbYHmEglT","58.19","20"
"516644515398693jaHoODxeMgusAYU","89194113932370589687vlkgRsuNJc","70.19","10"
"260324480874021oRaSNkDvPXVBIhe","11318912924244739281WaIrGPxTmg","64.37","22"
"722697268863903BVbPrWjnOKsiIDJ","51134103451673650819NnKFPWlESp","66.91","10"
"163474770757519yuXBWhAtCxLevSw","60216475468863537768MWJRhOIeTu","8.51","21"
"009967091315994EalGwsYFKmgfLXx","13464508102363057510JOpFKVuQxv","22.94","16"
"158693334955402cbXDSKPgCOeozIs","23213443732854340287aLtkgyqHYI","61.86","12"
"945200465421574FglHCWzxGBZyLae","19352418812404336402LqxNsmndgT","10.01","7"
"271554937089857ecBuGROXVgasFjt","83895444256478274490UpZydwieLu","5.73","5"
"098037428283776fNUXVtTWqkmIlgh","63783410280581997333yqFgKeBCJP","5.95","12"
"219902344338162UexsDflSLKrcowb","12491238050841324876XuGQtUMEqr","74.9","16"
"955530692928562PMAicDrxhHConFd","41163755759251214857GZDmFKOhNR","59.27","7"
"793916723988302TjDBPolxyCgAawF","63061652080456132929cnOCfKTlFm","87.8","18"
"193357718574160uJONbRlYoBFCmyi","45469644530322326928dTtjxZVzpH","20.65","10"
"428360373340576FdCDPTjygfLMUro","22716508124969784807oVDXHOiIPs","22.03","3"
"722106100272837deuHaOGYmRWlLqg","32677236819865082972JWDzGomrZF","58.44","21"
"784351348035999gvVZSWCowHqhXlG","73264668540018280745jQHLEWygeY","82.3","24"
"716184093265979tVCmZAwHNeRaJWI","06719177336196962317fgswXIMNze","63.86","22"
"875681661159852iHAZtaBcMdbnQsX","41426540349432930039OfwcpFXBel","25.93","17"
"702339565993202xrplCAncUJdiSuv","36061543442418435975UtmHcAEjJp","90.61","6"
"766381864380685UhOEXszAyWxqwNd","21826410045170624038ycHdKfruTx","72.54","23"
"526512520161391tKsEWyxcOkXJgja","55222892181179184591kJnOigjuxs","36.16","4"
"467816326663802GEzDjxlqQZouBsO","65981995131915581199oGAEJRxXzC","17.57","15"
"454526284413164YsChyNMxUOZSKrn","99705866373639189860FXMEhVOcBf","44.88","21"
"739380889953455vnXRPmkrpgQCIJt","85651841251226342668hTASdKWvEp","15.62","22"
"504677628304447WFIsLuENOPdkhXA","19528272376911837473sbaykiRmjf","94.28","9"
"723372134699925NHknycZLmxjFfCQ","71361937876558884115JjgkvNAuem","16.91","10"
"708832096629136byjpEthumANDMVG","97822101384848840209ArwVaiNteD","97.58","6"
"675057850660813LGdjWqYbKMSetHo","56194053427009754569ItKRnThQWM","99.26","16"
"109726830929263cvejLfEphPQKtdR","55872894648293209266rDMsQfwmqb","80.73","24"
"531478762235690aByCTzmsQtcORNw","13673684189337988327cyEeVhxdZB","42.96","18"
"881692625765782NCgeaZhOlYXVtyS","20405597622763136415EzwioSJUAN","28.04","12"
"774738939426524IReHhuUyJOSZpVg","44969687929172854553EbyZfKYMVk","9.02","10"
"404793343092974HJnbEGcYKaARBmg","48296441104177852378fgKBoWLhyz","14.79","1"
"413081633812255waxGiDUCtTczKWR","92964485176829375572ACxzlVwToY","9.68","17"
"606388291717496fFvKVcrjPWNHIly","23543906319530044524tXEenFNDoA","22.43","9"
"811445262118515HInGdMAcEWKBzfm","72319166990926508140JBhlKPMXYO","28.79","4"
"552368128068088giHFnAoWapkEsXf","25203135236390612443MUaDpfLNsr","86.69","12"
"260380174296496siDRLSkEHNefaxJ","65011322733054355092iSNkDjmuFq","93.65","7"
"463785820399953MYWhFasVqpmyePA","17903903947576416862kYtTLrhIDc","16.39","10"
"126538183385694bBlCNkPEwzehGYm","06977488418897168107BraxvdhYFw","14.92","2"
"480805647927084byAQWwxIGXNdkjE","56943237850558186653uBzhHKvAWR","15.33","6"
"890018245034014CVJtmYLweAQfzRd","49694908210893777252hrpmzKsvnL","96.01","12"
"402819035854910WYjUGJXQhoTzgkM","27589639172177157044OHPmxlkaTh","65.88","19"
"951336273939872oKmLaHhzEJYXDZB","82845369418815545347ehCoWSZjdN","33.41","11"
"453793083183162WdKykXRHVOpUZqG","06587925176462999913hrYvGAbcTl","8.98","24"
"740154212348256UnNvSpuRZcWflGI","10735625215873507323yjrxfktXEP","77.19","9"
"079045963148381leDLuVshqUajZER","66371830458287530136wLVmSoDAGb","50.06","11"
"853570084632084UqEldhMmeuTyfri","17408522818411056313nidauYoVHx","17.06","21"
"505439273018391UclOQwKIhLqtGBJ","69055168290759849863TfSRycehEN","42.87","24"
"365918115839480fXtTYNwLIarSRCB","85943077280873598841HPDyoLhklu","50.17","18"
"073452609288709RTgIxiOZAtCnQmM","44778754408913716192srTjdicENy","66.01","21"
"625734477253644JFtuONaRBcWCwpA","01155673704939434137DLjpGqarHW","19.24","2"
"200992688720320nfNCSTdyLUxhDjv","13941687596551838328naCScFjIJi","6.66","20"
"691091549858169QEFaZnJtvCSbHLM","20900671389612916364nRiUhVXZKs","5.39","13"
"061744415895938OBqvGDodNufZaLY","80275315274291710541dkWJZBxiCa","53.06","23"
"633669287663498qzVtLnbSsaxoTPN","47436559655952928851pYlijBcdvH","44.85","10"
"410288048994171mFtIbxcdkDOeZMQ","38684498635194190693oKZYACReOs","95.19","22"
"774363376024901nRNmeszoJYLSKTu","58834639195121317013QuoYgORzeb","19.15","11"
"930607183270228ueQMkyGNcBLHIEV","98204055594371348302mhLdYfWclO","55.62","2"
"390449257495564apjsCoXRZWgLmnV","94437310140859024715cTwjrJgWsM","52.35","11"
"540242960915837WuifXZRbyoUAare","69664528711889627887FfPKVvIdBR","86.84","10"
"802744271438529BcRKLufaoNwXUqS","84901349921068542156oTwgjkluVP","12.8","15"
"167509572249930hxImtVfsiYEFJOj","89793952446055232984ATtJaQRhMV","57.19","12"
"964207487618440NHWeGQizBFpmyxw","26208632901375114032sopSbWnhaU","79.14","25"
"713424587459245pkFoQdbswzNVqYa","44140483557432704469ZfrxHmDbgd","74.28","8"
"355873107937002dDtipCGkIAnKbYe","50593689985643518638GafcAjsIzo","32.68","15"
"606514196673670xCZIaKmvTARBhkb","60517736210050399616hqkTiXGKoL","54.27","22"
"513802777849407LnIuGDTSVhvWKFO","58716733978007667784IwLJybMuDO","75.94","9"
"801612454046443ByFHXGVRrNpufKY","03399255409810412767DNiOosXYZG","1.6","3"
"537126457826555NCiuDOxnmBtVrcX","80923727367259887591bWnCsKwjIx","68.55","9"
"131121878502460vhuGqVoRBDxCtOn","23982180133120092655UEslBiNKzh","55.9","19"
"245783027681515XvmFIQqlWxowTcn","85592020399238160669XCaloTHdJW","17.08","20"
"445947245518920feEgBWGCUSNqbcZ","39178112220412021702ixjhfoGPMD","88.87","1"
"155321670224164wXdcVWARjGTODBY","11216584634302054938tPuojfxyZw","64.35","13"
"444065202560911CIJDhyNGfoZFKvn","94035712945700734385duxGKDvcNC","76.56","25"
"428033398428905YLJXbmTnAEkrFDy","92673416100710407817SkLcwYNCHq","34.97","13"
"392050090943449lGakdefnzKxOysw","79662269351623381399nviYsFbAlW","52.72","13"
"255224199723604TIFaiBXoRYfHNEe","15316181156020011635GVBMEPQyFH","75.39","7"
"674499562449577DhRqlzYpTsjrWkF","34167814720015552719XtJLOINePh","30.19","11"
"916158928140287ivQJEhFneyKwoIH","47526495931849783738MRLJNhfIBg","48.95","10"
"242189313109128myJpRWMSqVELYsX","11338453647528311303lIHhTzFUXE","95.13","18"
"640089109300664vdAcUzxaJQLqwNZ","52442008365503618737psPmqzCToV","69.34","8"
"410709312577420AOziFGtXhVJHcdw","74422676718770234731abpxoKuHFk","9.82","1"
"485062916505826BvTwjDblrZLeUXg","53486643057987133730rSTlDzZEej","59.08","16"
"464529807104706rghqnvVOuXlyFPG","71553406385653464349LxvEZSglGQ","44.98","6"
"092704824734206AxdZmlQIwCaXebh","19790724895156176144ZrpDIbvMgH","4.74","6"
"016222559910161OuMfzIhGgsjCDbZ","85786859692540402638AbYQIDpWhM","45.19","20"
"189474318769319weIZNpLourFAHcG","05379120777320050838KuSbMpsUNa","68.61","1"
"027462356511735nXsiZmcKJkAyraW","99225844165665876651gItFlxETZc","96.8","4"
"483165853257028zyVbxcSmZptGdEl","10188915110862170894HbYRDqazlM","95.53","20"
"890688702409760FPWekuqlhgwmxHE","93693554678967575198WpyYatKXVS","18.88","21"
"979195797736551YugiIzbjcyGJaAL","20774069816361149943KfiTjQNvCn","11.2","15"
"646589023205929quDtVGLgwZfcxmQ","84098151818065785430eyapwlMOQv","38.2","7"
"328993104140784oHtbNvTQxcluPBi","82873836637049446569MkUnBpFhvX","18.21","7"
"211547698194129TZLnzbuXKlmaUIJ","99156098850593646523eXLMFKNGCH","66.45","12"
"582277721442250vSdiqgUfbFEjtMx","85100318338462558480xBfnVLkgvC","88.05","4"
"186392820804642NerQKuVaTHxDJfZ","02800212780914063285TZrmvpPwdW","61.25","25"
"832818306397649CzHycVwWOgPpXIf","08162702543501626677tyewRvsrMg","93.5","22"
"647049941130436etgQXwCEOdTjpIh","29573188691567902085YMjraVqsPh","24.88","14"
"566375765109899yILNxoqlYjOGCuK","95883068694131928324vYOWuKlTaE","77.2","12"
"997803895484455PfUGBFKgnRwDJST","81347520151975642101naRKgmPdxT","60.47","1"
"393944736196120iQYjdsMcHZIDXCS","49136369727641737437ZgdNfHYFty","35.38","19"
"821416679734624WhqkjtGnXSExsfF","74344487832928502749ekxlgSuriP","20.25","12"
"565618115812214XQzVfxsPHTWltIn","63583179515472077619BLIFNQVzkW","27.32","20"
"145133144804798DYiFMfNmAXTwogx","20200412450196118197nfQYsTqZEV","11.84","17"
"061680817279507DwlFvhUARmWqLfa","10830574149076602330TrCcGYJydo","82.53","10"
"872875967370369EcwLRxFmuKnliTA","72875905497368164253OrMsJLKCxm","30.66","3"
"181940181654563TFdiGbOQeEpvjsM","77118035778536488815tzBYANZECP","5.71","20"
"503728145167451JmgNbqnpCvhTzku","14037179947837970167YkutzgOBfb","40.85","20"
"514444008306916zoFRSMaIeyqsNbt","10420714391856936907BcgTJlFEoi","55.84","14"
"628040293905165RpuUOXaVYrGPKkh","89736925211556040104yOzcerNsJH","68.88","20"
"884512217521865uAMKLtroUqXwknx","60510385419898841219EJeQILSuMf","6.68","25"
"302157358559857GOnVgxeYUQSwalP","05858438355075288101wNvXCTZAQz","26.97","10"
"320520041275909guYUBwOaQZoStvD","93719529577472338836aPmbTyXDrd","42.53","2"
"683044926774218VjacXTnSCygPWlm","41797452072003110342eizhxpKoFL","67.25","23"
"787671588997543LBFIZdtfrCjgXWD","72193161451051612556WZCMNfybLg","30.0","1"
"204393030380897tOKTFicAskyLWPh","64517677498066922246HQhAqbXvdz","32.32","25"
"489142971261895jIytSPgnpZRaENA","20182264677893459435RiPAIwrEWc","48.4","3"
"701533041174926LnaHOpPcGMsmgKS","60129180291449897371QGqkRiBIuZ","45.06","20"
"482505480660729HEoMtgFpXWmbGhe","45214491804271201017btSGvNMZBh","5.25","17"
"932037206471640pESHuyFXBcfPnMN","48131968625279454692VFsrfQjtiE","45.17","3"
"664888279036030YpBthKyTXaiSEJU","27550413981633444985crmgzMQWuP","15.12","19"
"032895547207878vTuSNLQnbHBxKsc","66847874886145136560WKwcxrumUd","70.28","4"
"386047684348075VMbtRkQupzOqJGf","39846911920219320311XFPOmxYZHl","49.29","16"
"615374901442323mNWqigUKvSejEIY","63987926345358001441HxKjzrnvsR","39.21","3"
"029113572391488zKloDcvYVJxNrAT","35735605537571253489EZnrQRfICT","59.32","19"
"265203921199687yAEBTDUPRgcpoxk","81816498195232558408vLeCdDpnoh","98.33","14"
"219847855588049XaJfnSBeiEsjIAl","76905269300950125892tFeSUYVJiq","17.88","7"
"801450541574716nhiqeXDLCYHIlWM","48236624693445305578jERbPVTFQL","44.3","3"
"825888031769168UrfIWpKVbhTvcLM","25922141676002221847rSxVQHmfWv","30.49","3"
"917200533807945yBnhFREJLVlYfuG","67782711858853258699LBkWYSgVdZ","74.52","25"
"905824501364630kfqjKpyBMYtaNcn","68515676918026387110HvjfsFmLTe","96.14","15"
"607664143014529cZKyBmVkQrtSDsX","82657927759913652539GvVbPRcFqg","31.47","10"
"289619401757767fhFcvaDgmIyErAS","21016144799062039014tJlFUNLKjf","55.13","6"
"434697889250099XMdBSLPKGznyZTa","18603778475836423828NIsLqRedVf","70.92","21"
"488635385044431OXUCNcPEDVzKaAY","67748062489315318929MKkIeloZrX","65.08","3"
"349037618912397oxuNQGRmISMJTZt","94642146894213485206dwqMgGfSTl","22.43","20"
"935819277971907IGxRNjHKAruLMcv","28070874838119211476hxaSzGKIBH","24.22","6"
"990843466840950vAbzwOBjKXTqDku","13705047067564188445qjEYWHkKes","84.13","1"
"443227182461018LCUXxuTrsndHIaM","93987741372274524162oNQnlGaepm","15.59","10"
"546854547492295nghqIEausSmMrJA","66227023213976255991tZiKIhbXoC","20.53","1"
"247311894259653zFERUqClQStNwPH","85335531015861272555eqhMrBnvRz","46.46","13"
"342763345007722qibpUzFnHevrTWt","33878207202096005314TmqKOxiDMu","31.38","5"
"203893300794257wQXVRvLzrgiHpTB","12455825864767121179jOrJWqZIbv","5.45","17"
"377454995430154edXxywRrkQqOcgY","96807790305716820418LHCdUVKmwE","53.84","19"
"439356284490450BpsrnQPGYIgitoW","05341025600468654525PtWSpaiCFu","18.47","3"
"845414641811143nNePScvEkbTiwIB","10372255425235326944TeMcZhNpJu","8.13","20"
"495181929994048WEKnYuQMvfcmsTB","91287040380587233339vLmYsQeAlD","20.81","9"
"587901579552696rLmdXuvwDzJiOZG","47599438170423541695HyGDzYqXMa","74.92","16"
"261867969420365MHBSrvsFunhPcpV","51953424037929653066ABfmMiZxuR","23.36","20"
"803843907870789csDpqilUAaWzHBS","73902143683918432463EsYiAbUXLw","51.66","16"
"285924036988816fgYvVTDWacMOIlC","16271909448260459942icuqHVDwKf","82.68","9"
"141799033345632mJfTvKarXjWniYV","96825702475080835520HahgbBWTdm","19.43","19"
"349811642408301FMZRtQJPTfaKEeW","02210453150396047093UjEcTkHGyZ","37.05","5"
"669961076745618KSbIPsXwkQfaZAC","54905009749791502647owaMXyVjlf","67.75","5"
"491864394329666gKrOYFxnhJcBpke","07387014852202185702InqRYtmQWD","48.19","3"
"758616493890707fcCNjAnphyqBikY","59157888547016164838DWbZGkXhEd","38.91","13"
"549739891646159TWQljKrbugJdRvP","89165960742616364242OiaCeBWTYw","85.9","1"
"762583030329573UyGDfBWKrbauRlE","13050145286871058073eSCqoiGmKQ","16.42","13"
"131499807494598doujIahXrWvmVig","28281225444253119195TgnADEQVbZ","16.16","12"
"456847510956241YepgXIQKHVRktqh","81839308470674449416GiEtFNILPC","84.24","4"
"056176662366628EOayokRWjXqwFGe","80322261119204102499jafoOTHtVM","36.13","8"
"717991815196308iFAexImZOklNbHa","84412297478964699158neWErGIYJH","87.57","3"
"160930725097493bnGJgqHopKUhDLi","31078471436328686492JjdQoiEnNl","87.51","25"
"644822041277821KuQdOwyfGLBXNrA","32000441371741155914vNwaxyGWjO","82.95","2"
