CUSTOMER_CODE,INVOICE_CODE,AMOUNT,DATE
763275415514123419323964065312,928826159790807DOFIbKspyRXqVYz,12.34,18-Oct-2019
430765754796792856175883332776,940100768722954LlTeJGChzroOtXd,74.47,09-Apr-2020
819515500757384661357870257396,885306689661603ETgOaicMUYBRGjv,92.46,21-Nov-2019
370520320686929618044487488599,518507768543519YwUTIDgSqaXOPrj,64.16,17-Jun-2020
210051255812045637292413571183,125849328448291vBtdUjhbzsXxDlq,95.51,19-Jul-2020
528507565160227983168108029944,855474598612788tqdDjwpyBTrhQem,35.96,02-Sep-2019
310637964354284490130298080706,643314901159315NBzWqbwfQmsDkKH,54.03,27-Apr-2020
794793774404968473685790941032,436917192594392bltZfwgrjTNchLA,90.9,14-Oct-2019
744124842274099855981747606867,621602446132829kVtoUmxIsPBWXAw,85.82,06-May-2020
755016648366106019596432582572,760795891418027WQyhgHCfovlDBLw,33.27,03-Dec-2019
240098762409720135114414462713,333504736058785aqtrFUPBsevbZDG,40.74,23-Nov-2019
356866675396815135725571618470,799678750248847XUhfMrHGvgcTxCt,85.39,23-Jan-2020
256096600335308425646022700345,871007742192479FenSrikHAOJbphQ,41.59,13-Aug-2019
628057624730693035348161487132,693479570414112mSjJnuRZTPshbKX,64.21,04-Jun-2020
696206453032757086204309213715,486905225728600kMAdLhBvmRQiOXj,36.96,18-Nov-2019
921700744966187024371943353159,691778696589410ytnJFGxekKXBpML,58.29,24-Sep-2019
724098294197598154983237748978,193514705920739qaBDIKWFgxNiARU,11.06,03-Mar-2020
986496916555870775833500452198,442810880122377nSXMQAFDwiuVqfG,98.87,02-Sep-2019
795420472501266622113820704720,389664327320597bJQqzNxwyYTGWKZ,42.02,06-Jan-2020
184511298647156677268730408454,608841854387121FiYCrWqhGweAmUX,93.83,17-Jun-2020
514413715874840265234909965577,425911507113993BYcnvRSPVAWXzFa,83.7,07-Dec-2019
197262429073792738840463560349,615128123412631WlOsyuAJzCxhHqn,97.86,22-May-2020
709322447811930960075670853209,772329880476425hYiyRKeloaJbdqf,36.31,28-Feb-2020
603602379176615140016643888834,769385596329882aKUbSGWMukcVvjF,11.79,07-Jun-2020
650191141465639606520642068894,432604653386602FiyhwWRmbazCJkI,84.22,22-Jan-2020
748887343548494702094048474625,201684753493654siMwARUhKzlFfgW,99.67,07-Apr-2020
797563727690292512949940278675,857134671207070frQhmVjvyRigUBL,86.48,19-Nov-2019
797990949983946815379020013478,853477968341935ltxXKDeJOqkVMEs,61.29,19-Jul-2020
577771321013027924338651876936,014429466787204SJCxWOaZeiDntXd,78.61,26-Feb-2020
735204466827291363485750460145,769543715602566CwjELvgtGiUVSnA,50.39,19-Aug-2019
131358781351592732919949162719,765194396588684wGdnNyhtYDfuVAi,78.58,12-Nov-2019
918001428174465960856235217868,360943233813293sGNmJtiVZnIqjpf,18.38,23-May-2020
411879703374581544696508441248,745432623662448aZhKcxUryuQYMni,53.52,03-Dec-2019
295988482662460587582731018824,453287436874191soXUCzSarRbjFDW,80.92,26-Nov-2019
120278288336649587767004469566,090384947513013VbkSxQFlLAugqBj,88.83,04-Feb-2020
098743882528268834171621780981,489498988143622xKzQOAFDNcPpjZB,29.72,22-Mar-2020
021057829279352408039916187411,094400691828655jOwpnPIHbrskZSA,1.03,26-Aug-2019
211234432171708567536765635243,806126749720046kWRLxlJMjdmVhCZ,41.09,04-May-2020
232334145633824953884777700916,079694963474375abNMWAcspeuGZJL,23.36,21-Oct-2019
183379636308235598478298251735,922606787324086oWHiqflAVytXRrp,44.91,25-Mar-2020
991805182026542615406128559050,222841569247465eEWhBCYQpIPijsr,75.64,29-May-2020
394897038910115751554239134824,233719213904736sTAVjrgOnLCWveR,44.82,21-Sep-2019
241449220221574197717048129792,071561666873117tRFYzUHJPpsnNeD,18.53,09-Jul-2020
136745084178337727476621991190,688822279079331wAZLKTYFlcGuJbI,74.14,09-Feb-2020
732878835954581245952859358048,376446397545489TQGDpreckuwzISj,18.13,15-Mar-2020
316419907860548571623950809024,317567613893729VDyrMNoEGAHOSwW,96.07,10-Aug-2020
991802530022143441734703762549,562555902968846vtmoEVYdfjMBLwr,81.86,18-Nov-2019
161356889790373094704409616887,067713098118740kDFGrfdvWnJKuRE,3.03,05-Jun-2020
184522319132782573677134376838,813649027796697YJSgpkmOlrMKRyv,56.93,11-Oct-2019
995258283011762290290283983497,106412492108697dajpgsIAeMbyVTr,50.1,05-Jan-2020
902323056089692391753308325296,380018544578502mvbTzYodgKstaGF,12.25,19-Jul-2020
952777802570561744960564769197,933036755513874WgzdCjbAyaPhnDe,90.55,08-Jul-2020
144197252036727863601826820442,119316024398753OFAvCGIMPHQsDUp,8.67,30-Jul-2020
516384273089085639075670094416,232488602787732aIuqEXoSZbsYkPR,13.32,16-Nov-2019
483539990142245121122230668871,650432110674148PmEFQvwopqZkWgH,82.03,26-Aug-2019
380949155167422085396774618666,777152474546699ZDvGtIUQylVjiRh,49.57,14-Jan-2020
745622070171319026181809248581,828888758220328gosDNIfWVSkPZnc,37.99,31-Mar-2020
346098709452469129413812024346,665598892458571HyivPEmsOVJNthx,31.02,31-Oct-2019
719504950742528232893303127514,980851432456293gfaBIKtZznoyFxV,9.24,24-Sep-2019
086113515435978696470888636185,767401999950957qvGnQXMVglBESHb,43.71,08-Jan-2020
589869433395580295722644016681,132281975009524MnxfehKNSTrUYPy,59.53,25-Sep-2019
568208139300808651147326821229,868836300548434ZNsIJKfgFicVevk,60.23,14-Nov-2019
644879052660670147902624366532,248628057398168eRvGasKMwNYmirB,1.21,07-Oct-2019
554262514942593619834489903453,707773221350298sxgadRtDXTKkMbp,65.26,13-Apr-2020
344600672622337283327374899898,857368725638149lMTZfgdWrzYnAqC,48.86,18-Sep-2019
357895339231511814413903879070,808950932174753RprXGTAyglUVnbW,84.35,02-Nov-2019
134520448608505784254308257171,459469228494020dIfwitvGrgAoEPy,78.24,06-Dec-2019
855774731000719560998632931457,207323269017462JpTkKwCWqyjVZtS,78.44,18-Jan-2020
727831101129015533935014504135,790084637714767uTSCGUyKjchXIka,68.36,21-May-2020
872256187571800289531609313358,298665943083309KGUTICJLfnxSREr,82.11,29-Dec-2019
633475888074954430030537009316,038237438279663qnkKBxeWdzMoRZH,11.01,18-Dec-2019
251307594276748260377653743179,584010006208345UsboYZIwviylquP,81.05,04-Jun-2020
935690059505896305706664263508,514024446338632tkLFucJgjbYeEQv,7.19,23-Apr-2020
600853829554919744093306136858,416817286053361uryETDLoUkwgbvP,39.76,17-Jul-2020
389251536440194427759418372382,436836026553353cTfGoJisuVMUKZC,1.25,05-Jul-2020
314172948783798418417570649910,474901836529918bpIXOaSRUmFjtTq,61.32,23-May-2020
555610702098122660738516699207,178556008716024ioavSwCqRhKpErL,2.93,26-Sep-2019
400483442680984958507962467872,813088022186113tHlGJysAcTmuMpv,38.24,01-Oct-2019
978452381832178069846312014915,009572863569876bYpOAsEWZJRogwK,43.39,21-Nov-2019
782020192944278824522988283290,903818147441621PwOuxKlcFqbVgfa,37.69,02-Mar-2020
594081242104561681473431807417,996590558859992RwszNUMgiaXFojT,96.97,20-Dec-2019
286056848007523709756904120329,827589641747658qfpkmGsxaSYoRAg,5.55,06-Oct-2019
233043658476352618080454286467,060826067427787ZBGUdcYEnIMjDPO,17.79,05-Apr-2020
203039508391435071413111452256,976943941884095GjrMWTJPCqQyfpN,77.75,22-Apr-2020
426942618665344666177838530192,397604015559356VTIHDSKteFkGJrB,36.86,30-Jun-2020
288295801585477270305910833826,061395544913655yceGNxJVbPSoagO,2.59,27-Nov-2019
290118248475855392285700347646,881356908791653NgxIPSkmOLdeway,67.69,12-Oct-2019
677154817382405534782665809539,344819999574607kgUyQjYiWRbdxIJ,42.73,29-Jun-2020
692515191382998890140633369724,210350875774002JeqCbnBgUmNjyYM,7.48,03-Sep-2019
898293318042663424909319958949,402156417306326JwTdKrlZcOYxmfR,62.92,21-Mar-2020
162318234459780313634803112378,040908631174463xGKMQCSBEqYITwu,23.16,06-Jun-2020
114582779225110423902990560938,293571442255263mxsOJGhdqouwlQc,75.4,27-Nov-2019
229261739285649150882925272377,863413331284466WmaPOQpZkrKzXbq,38.19,13-Jul-2020
522482901747258750654945581751,548777682405272HINjurlJvpoMkdz,56.21,11-Feb-2020
633324427076118826759926995577,945569914896957lecHirNDCxhsLza,93.13,18-May-2020
474698242662939462082327228053,882724496732974khicLrfAsXgxlCN,33.0,23-Feb-2020
353917862325713638142943376317,984475377890073BbXMDFoUHNgvpTa,19.11,29-Sep-2019
584403693953263700789073196871,335300983092904bSvHenBIXrDqxsj,55.96,18-Jun-2020
542425323009399450896764636064,654571951660637mgTdkExwFsXoJWr,74.13,02-Jan-2020
370168033963455587964452413755,723565274306661JnKvdfTXFbMQkjZ,60.73,29-Dec-2019
688316827434475464218300660227,795518740910513YaxokeBLUbEIQHs,10.74,16-Jul-2020
086516145246126515501282296054,254894669325852CMtcQLjUqmaZfwO,76.18,24-Apr-2020
459434398302634180078428636276,518122253082705yBFlJQYodznwWTO,24.95,07-Oct-2019
041043035755961516478881089746,074461547863320WoiDTQBschbgaPU,89.05,23-Aug-2019
012285199529886409370393726065,759961390437933agLqHTWwPptUsvu,95.66,19-Dec-2019
113507701424031930913990467092,059131609099175TqbhQElszDRdUHx,23.82,03-Mar-2020
072176445739284455921080806727,951161503469941wspHRZeBxKAibgm,74.95,21-Jul-2020
661937951881081292459150302669,468909143449512yRegcPjoiKmVCHM,33.42,25-Mar-2020
112539490542932733279081984079,491125936485015mYIkVRHJxCshKTQ,23.13,31-Jan-2020
525268763523059822934350954817,932247202478752kbhPIVCrWzMfOBJ,51.55,08-Aug-2020
663142110559481886926899656748,536383758790695EwGxScyZQzDKgVR,13.99,25-Jul-2020
960118159023941137445665392240,555142786023999LKphgCdHqxFOBNM,27.61,05-Nov-2019
920441382439756317802489101905,315693302440767LWBteRHVxqrYEdm,23.91,12-Dec-2019
078000095747457041994147812423,915733732115708zkIFUltvqxMYSWB,43.83,17-Dec-2019
158869890812597182643982777161,258789702462871wGBnsRDmxHKgVpF,7.84,05-Dec-2019
979103191706802236826167779858,423443630835491tPgjoZMUOzdXmEb,26.03,08-Jul-2020
836073078515207274289197642541,888668566710543rLgAnTCSpVicHhQ,93.36,28-Mar-2020
262542205470665083328500939417,341995142167255XTzSaUwCHLKRBPZ,24.5,12-Jun-2020
405728022161282935244536040484,679603179229983hbdyoXEJgSWKUDt,98.96,01-Mar-2020
205733128102482895447306836538,626973594744569jYBCrWzyFsUgldt,53.34,30-Jan-2020
450556762807683493815412785099,158781732399162kCUIrLmEWKDGNTY,10.33,17-Oct-2019
044231759690024469493267331125,675346302534709sGrQAWNCuwmfUKF,35.23,08-Aug-2020
660388237104296091055792531616,328094233158548LjuOKSCmvIfcDth,67.09,01-Feb-2020
420304330831147357572566560439,667079075806356ZWbSHQdpifsrwlX,92.54,25-Apr-2020
363699373515026588688120058717,978178560047618oRhdxLSOpbeQwDJ,35.58,29-May-2020
779197403789569351437174747026,747364383532427EncbXdkvqfpjAHB,36.82,05-Jan-2020
342266038285134314193171376408,447385451517749MpALKRovzjkCatJ,43.04,09-Apr-2020
260593669593192840279050764448,546983213105250NhBdXWFIErGzgcb,79.3,18-Jul-2020
370132505704326811247744254599,647596497955237QGHZgbPfckDBomw,14.79,22-Apr-2020
006522879801568219950625308627,995704905688839COdpwvUSeWrRqsN,32.77,27-May-2020
367972187248035415827434803424,349807044007779tdXyDvbUVinqYfM,10.22,27-Mar-2020
516863829016968253576531819367,820560457551888ehAIjYZCEvBTibz,47.86,17-Sep-2019
869992953835911409751654867743,765934652898669ExPBhGwYJSHRuAv,13.52,25-Jun-2020
212762389459632767440682640552,267001260430132gcaChfzXbZvqIAn,95.95,15-Mar-2020
563523906997127642803041793898,532075909021088VHXufrCFMpsdgZm,99.96,30-Jul-2020
846064587252367275572126687378,980759226339693PLxlGTdvHeBsXUm,88.3,27-Aug-2019
637139563806196374677246345663,125450456784320clTKSfZuMrqaPJd,16.14,22-May-2020
409371367756119261833342828376,181273388409929vByhdYfkLWmbrNq,74.08,30-Jun-2020
708999845365064926231430774608,782106701784501VZMDxYuycHSFQWo,50.58,24-Mar-2020
814519061434037923474431729359,981558018230604DoxuLkzPIqwWsBF,6.09,06-Nov-2019
012388037675009226718397151510,010917914804543NpQVwePGIluAfDC,55.14,21-Jun-2020
587613165520900088388286311444,526413252265136yZStmXrAbKoJewO,69.88,10-Nov-2019
343619341298401541639946457601,628999776733861iKGemcuwUldBFbf,94.73,07-Feb-2020
928504142239300432260739037921,181516980825421StwqelAKpTgQDkP,33.66,23-Aug-2019
631308121960816149701609184936,190259670968428uPHRiaSYnDCUheb,28.42,03-Aug-2020
884165360440578770816266308730,984091779856453HLdlaRIPGjsYZke,23.97,09-Oct-2019
287391720747988623302210166402,528076593255082bHzeohWySXLAndv,33.56,17-Jun-2020
383698069033333359524608722798,250920794374402ivnGHRLJSMlokwy,28.61,18-Nov-2019
048920264050554617890348810744,393401546183781bwWBUsfpuSlNxZa,5.13,22-Jul-2020
227486553712708544722534689929,607158206237237zKVgpDZwbGMhaRs,15.85,23-Jul-2020
129068864803959438105887309131,637644678248930MGwpjDdrvEWxsIe,19.36,03-May-2020
971716769568274956966220913396,337475813730496qXzJjWdwNtBTySo,71.9,24-Jan-2020
314733660740456882450033014716,215638789166841mjlnOoyKkGgMXJD,28.68,12-Nov-2019
499616013116858407998455103351,643429496006641moiDNQTlPrjXkEO,6.48,05-Jun-2020
134857618552582412066570274064,480746526570718rXEvWdwBgyfSRmV,64.45,09-Jan-2020
350544796204925569828327961927,514179483466651ndWvFNxuqZmyMor,49.94,28-May-2020
745995911560419910521607595897,424245704480522mcKViCaowkpzAys,9.42,02-Nov-2019
913511581600054715309517209293,598113810765639wtenzWuvhMmQKBb,42.29,10-Mar-2020
274488082895538556659036018924,563535175486341KHIFTfROjvUEuLp,46.72,28-Apr-2020
879769603157444438564025101000,015680648226600gEAeztHqluiNanR,99.81,12-Feb-2020
853977603950170550797102169116,054011494175802rcAPzEXViBJfxvW,86.01,21-Apr-2020
655653518694006373208093997648,972975006951980fvMOPSgTohdYVZA,16.7,25-Nov-2019
105996365025545583711706412982,356078712350461gcHKAiyXZnhsMbw,93.28,22-Feb-2020
443126407385929890946341896076,641284363774406YGuUbTSBoLOrkgV,9.89,17-Jul-2020
925733929447277060318677792367,207320215148651uZyWVCBjaRFcwTd,76.36,08-Mar-2020
691598627032943499826347929121,758268556651630GbNfcuxQZUWJSaR,51.54,02-Feb-2020
249106877101771144596350595000,947023602644940QbrNUmqDwcXayle,2.15,02-Jan-2020
776567157175722701270332618949,745838589823910XSakWIfUJwFgpcs,2.83,27-Mar-2020
957715505539980328440145883456,574031313518921yrklwNcjsEChtXZ,6.53,14-Aug-2019
065671771246550508130931668701,071622739821365YFBlOkoPDqHSxXL,40.51,09-Oct-2019
783265726996750810292826429904,012893017895022lqInZdjrUGWkypc,77.54,18-Nov-2019
469507805793537769343828223910,884126224668494iNKPBpOzqscRfbV,44.52,27-Jan-2020
006903013109122055968953737094,583820551125607NbXdFQhwZHspljA,93.97,27-Mar-2020
504166792761607351895788950407,810529178040839tEVepoRYMKgwlfF,48.11,27-Mar-2020
491840837791416826846684276320,038811048434804peIncwGZxVoHCyq,68.19,21-Jul-2020
668809825005336460816820664713,236659694854571fgxVEdsqOLpPSeM,47.56,20-Sep-2019
412826514881887593955067394693,394791005194949AWCIHziagTJwODB,76.82,27-Sep-2019
603177203071700791717367508389,629438413621136wTOCRGamnhUgsMA,48.63,17-Jan-2020
111180708638196184952365785492,732760370202538NoUfZqxDbmTidkt,34.85,02-Sep-2019
561513866636269651961675247488,531216061393711UsvufiRWdLtKSDJ,86.49,17-Jan-2020
452736964062630351311818989515,373445020368232MjWYnEtiTZsfAlR,60.65,20-Nov-2019
596446181108173715787189003176,195073786888672xiZYjpVPXNabkgv,20.51,31-Jan-2020
605523169785442263073205231484,288191709507442umwJCchiVzKeRtF,66.88,21-Apr-2020
681906398785643637868920855009,641874165044237MTIwlVuGHdYmvzQ,86.85,24-Dec-2019
538183754213420512252338316996,803406349490942HVuPbeJxiaOpMsD,58.34,10-Apr-2020
795091664472154660767659743235,756951723125666SIyLHVqdvGZsNXl,7.11,05-Mar-2020
779910687195272168797817725443,897872497228460lqhjvpaNtTeYizA,12.4,27-May-2020
815887262279772961456167726956,501971599453355qCVmxYviowOENfS,96.31,05-Oct-2019
615926559328411434896347927506,455019000534754hkdmJTWHrLsxvRC,84.91,20-May-2020
812545794976800419058186600174,743401350253479BXrLeHYClwOqiIE,49.25,09-Dec-2019
660818339011805353673866413104,265565513451359LsChnbvYEuVwBqK,72.49,14-Feb-2020
439618163504377450196428779100,665859112795972tkndNJSVraCKgQy,16.42,15-Nov-2019
132627202816004258446864817727,563852295428695PwZBDFpGWovUTqc,64.72,07-Aug-2020
856455286585770544860878875174,739786409916222UzpsGZLKPvAWnRe,73.79,05-Aug-2020
930470937101372620929255241504,185691936770240RPEJDQdWzYjcMqN,68.89,29-Feb-2020
697411938747846689482041748434,849625360464932cytvbTPEHoDJnfg,28.13,21-Nov-2019
546250131445569203208904967192,281063897303442HnQgPeXsMYZFtxD,31.78,12-Mar-2020
947567411159215378831064941182,893970187810836kcXhjqRDONxAZGl,66.1,14-Nov-2019
659512066059229572268634289959,545079629259271LiVGlFscTQwoMJm,4.45,14-Jan-2020
301327516300100045049123535003,282106767303802CxrdnsEHWTihoMN,38.54,14-Nov-2019
642718746246131040864543226369,326517051334069yTVjbwhcpKZeGuk,27.13,17-Nov-2019
660969519392175818600523595573,267468743536972HcEvGrPZqDhgsAK,25.92,28-Apr-2020
781610764122110008267199063297,093882495886481WGLXSrKHYPqUdeo,21.32,08-Feb-2020
076503755442470648648472236138,877023609911154eurxgUZdwiFCJjh,94.58,12-Jan-2020
815331348116915464643666330726,072529093282935TZVGNiduCFpsOAj,25.63,08-May-2020
827681225387847676668681902765,901941232455096jXUAvFMHEOyQcqp,96.45,10-Dec-2019
175378477062951925509419950082,292768435310417vTkrAOcaVEQGxiH,51.76,07-May-2020
144903916235574906301895657113,285121472606522khrAvWZtdPUznIO,83.43,19-Aug-2019
152700786972986719553337833601,553973751397669jraqGukUWHyShzM,91.3,22-Apr-2020
570675268815782112901255192502,739611596266370vSjfFyCbMmxuakL,77.87,06-Apr-2020
660287493437770192102078620749,241728149045132izKSRamuUIFcgDv,17.96,12-Oct-2019
639891970761595333437859597574,615489888674146vuhHRnWeldQxgOz,88.85,23-Jun-2020
927567183942456437193889287803,990685842141715hJOnpoljdNkrWsA,74.14,18-Oct-2019
061463623435101884450797776535,295923801599377XPxciCuLEgHJMdw,22.33,22-Jun-2020
003851572587740681962377690674,243781802109417FAUoYQTnyzguDpe,92.73,12-Dec-2019
684730662320601635008515926516,038212264477829IdqyjzXMPThvuQC,26.59,06-Oct-2019
079410821173212626472519112577,213607938723343pftnAehbxQUVPyg,58.56,29-Nov-2019
896768296977285002170458961800,510438065486533inJsDdWyxOeEINC,31.22,03-Feb-2020
487223366164378417163977411896,442901611361546ABKfzXNtxpveVhm,53.68,19-Mar-2020
154712359392941349346943428753,542464884133426XMagAIEsGyJhmfk,46.82,07-Sep-2019
561596730446487921120437443136,531749847469909xpRtzZiDHMcrVTU,55.18,04-Mar-2020
610916888587656263805332302826,671278467016703CnGJzTQbBeadpHN,7.69,10-Mar-2020
526109169948160190023943489906,472098548660566TyfmkeWMohjAarL,73.93,27-Oct-2019
808563510271550107310702561445,280659616586087UrpdEoKLBNDRFcP,35.37,12-May-2020
556207417094243602879164606593,729291685014859EdIYlgUQefupRkN,88.87,07-Mar-2020
361939750662729416850943469727,049879971555327jyVkSNXlatgqDMc,6.79,13-Apr-2020
003582295936958058513810072008,441724281122744GFtSanOuLTZkHYR,32.41,12-Oct-2019
181843724149657101876182033253,532793710253785VeiCsTtBDEaPbfd,2.49,22-May-2020
686747160391526583398771137682,347855360627510WMcpAoQjmTgIERO,55.28,27-Apr-2020
684634463455000811297952351083,235888304775661QbfXxLrFTHhPUdq,39.68,02-Mar-2020
759224945162642691543914432570,864093473434446ktDFhbPsmjVBKRn,13.07,19-Sep-2019
535070523894724651535934441305,783970674161694XhBvHPVkFbZCAwn,21.71,25-Feb-2020
802708541087061149340006239414,324458570293527AdgbXQihFPojmBW,9.15,21-Oct-2019
299887148804715781304293200097,703570098607535RgNPOrqYjohkVKH,28.24,03-Jun-2020
587508818281754984983607907382,848167748647661kTxOLrGXRmUnwZQ,7.05,24-Jan-2020
940174247604061869798494038509,460703023442801WLzUalIKPSgXhtx,53.41,26-Nov-2019
218684595778935069860437896941,762218103776736foAQdgIcZGxbmvE,47.2,23-Sep-2019
914002725239166066518907164703,098797001707901mhuxLoBnqQOSGiK,31.52,16-Jan-2020
621821835568121754915909256828,139440911001910XMWhcGdulIiSVDy,14.94,07-May-2020
596627912372095287943861097097,439063103851498rpQyTBXPIGwiqWF,17.16,04-May-2020
251936755360744008969938827100,825935679112079xeSaFmLuioGWTfH,68.84,03-Aug-2020
310647369220162628748227477716,540272623644600rCiaqXAmBuLpNkj,23.98,28-Mar-2020
452625104082195317010966694345,161001939026365iMuVrGqygXDIdSW,3.24,10-Aug-2020
655206037919489614757242934499,653259408167644bQcCsfqXrEoJDZW,6.15,29-Nov-2019
585436210387985637939783683107,479537930018512jrvuGifKdDhsPNY,34.49,17-Jul-2020
454306148229397056471573032802,034598843285682KOUeGYHlVhaNsJB,99.96,03-Jul-2020
061738024806594083760465940992,217960337081581zdYpDunQjHbLvTh,29.5,22-Oct-2019
887981709833256654806033677331,829510177420678NzSDVPFtdWrKZqI,10.25,28-Mar-2020
756959550056466346194519182219,372688013525972tzbmdKiaVSklXTZ,9.47,16-Jul-2020
268700640508682661235127572820,434063423704761zkbGpEgcxLqndTO,3.35,02-Nov-2019
266481477201810388053255177313,761347425122203kHQYyJwsoiMAmNe,65.96,07-Feb-2020
906327076615732920811654655546,849470915825164MksGVOoKmgRdwaI,80.71,27-Jul-2020
490283702683047394052996097938,057510430353764RUimSdNyqhkuwjf,4.98,28-Jun-2020
987875445784414608740085664644,655273633261142PBKLGRrHWEocegp,46.2,16-Mar-2020
696978843747228599818641065328,214989490347324rvLQESKbdoHeNVs,18.72,24-Feb-2020
282910108694115966218949034021,099863912388051mvOBEJIqklPcAwn,18.15,16-Jan-2020
416823908198320476391788195875,185667612968049byiOQvKsZdrYohI,98.59,15-Jul-2020
459660735804835195730143136874,531845795591153sbVSTgzLPiAthuf,44.18,15-Apr-2020
055536139028116937460805795079,433718239780660bIpHXlBDvzQyGjC,40.45,28-Dec-2019
706429694239658098894232261125,027505123256857nsvNBAHoUxMmjYO,82.86,16-Oct-2019
642153053054315724142809785606,145489088886657OKuvgSqtEpYdJsT,25.9,05-Jun-2020
003601592623845497746337929760,151040363973416pziaPtUZXWkILwO,42.64,03-Oct-2019
397560863803368607580706378915,786609956656517emMDTQJHGvdraif,8.08,02-Apr-2020
576700361371514464580748487508,893109023973553YFPizqjuVDTAWfw,80.72,25-Jan-2020
919825624182616598443014121726,140863164488394caGnvUEXOFsDCro,82.19,02-Jun-2020
502717983374534526567723900613,751334994470436LDlmrvIfXnjGKEu,33.31,22-May-2020
917222119281632203977770050244,533736315825955XnpWaoBwztSDNbv,23.29,05-Jul-2020
748922664541510946647849819437,417589381534065IkLoBcsyFHzRMTm,90.94,02-Apr-2020
344676313755605496665834165283,718348230214997hLdURuxTnMAfZWG,49.09,04-Nov-2019
394161066992727753318865929007,311748050103933cCoqsyWTaxJULdk,84.44,19-Nov-2019
118028147124786562019690634013,492647723125223wYNgmdMVkyEnlUz,52.68,14-Jun-2020
567259110224603230001652525731,220751697307012hxmHplkMEVnOSDw,87.1,17-Dec-2019
835517264754566070645039389274,032277482024259ijDQrpPgTBhtNbw,55.13,18-Sep-2019
557522937031718733167947057467,540058998138694TCIQhdBJzbtZNcL,11.63,12-Mar-2020
511633421441301628345541913742,376053874155401qlAyDCMEGZJbFWg,43.95,08-May-2020
659657038860543095595303459188,466652310714305vYPWcsBoewqTbpD,95.64,10-Apr-2020
087480658506705122233120963610,371381486590309jPAByfrsoNFhYzl,18.94,09-Nov-2019
984545135843910123579883675342,542345780630898quKxTblePSpEtYQ,52.03,10-Feb-2020
306219519823906448682498634069,005207234450596EWkiNzxDPrFjULY,20.6,03-Nov-2019
013956082975503407163371450453,645762732074237oipqGmuePUZsDxb,28.25,18-Mar-2020
266473056349482972044779320510,183007204072859DJeIdxtjuWkFrSo,87.83,09-Oct-2019
194651576468025023948293275205,531773157656475XlwIeEoSpgAZYBu,11.22,18-Jan-2020
408785098023729345339329156018,458285966714815uiWCOjtzfbRPDaw,98.57,28-Oct-2019
559017938386236187432003966916,670580113268311blZOtiFovdkXHMq,20.15,29-Oct-2019
006714883665501117029455467213,846218769924992nzxsCpAqauGETgV,56.63,27-Mar-2020
653038939970931350958149929416,559371464979612PeSvZbYuELNHqsG,31.73,13-May-2020
572023192732503456894341167655,382475622544992MBKTUyNwGiSnseQ,81.73,29-Feb-2020
520173728828060145104902790947,915962369503904ySBZMfgIisGqFuE,10.28,02-Mar-2020
461598065356927932771914390697,620959200777955NVsrcUkHJGxYlBF,78.18,28-Oct-2019
589849506887440632972230765211,854999902170211FEdSvYZbWozqmRh,3.9,19-Dec-2019
733190818746384535507082082854,852055763860442NvRMlQiuPegaWYz,35.16,17-Dec-2019
784799595093130365726427369122,055061635603902wPqhFrNxSvXOADR,83.87,26-Apr-2020
116269531547092698547105933441,270050690282317kJYXnAZSwBuqrah,21.11,28-Sep-2019
038415498119408205907815635362,853269609912063HprPfUNSEgneiQd,26.36,25-Mar-2020
063425841391725455227231330034,179784678613620LDNmkROQiougIBP,35.05,21-Oct-2019
433213798988934981643924599256,373573204001972bvCVHUYaXKDBniW,13.12,10-Feb-2020
673123093053394917704917815653,308297590192431UORktvSpCcITAKd,32.3,29-Sep-2019
945996990156955772065283124863,942838482226359UkMDFOohAJvtYZl,39.63,12-Jan-2020
272029611105811481589024494971,464953633989723iGoxPJXKvczZIsC,7.56,23-Feb-2020
287373830457989024235285179439,032882745203384SFYsEgKjWotefPm,94.74,06-May-2020
936582306520699874478871636355,374693036833808QzbjlHPUWVxIFGo,33.19,29-Dec-2019
665847477537676219685098888688,978470676729652vzBxmnLZyCMroVk,43.51,03-Sep-2019
801963176246451266084350965222,858825837420824PTiRBhycAGvIuSq,72.21,18-Aug-2019
280448515099364012211414630050,041499232511271mvXeGnbwgHjDxAl,53.29,19-Oct-2019
828971549402772989084373357577,920246344035267yhLDzICXZRojSTN,91.77,02-Apr-2020
128452070507166124884081978821,356450534409302SbLhDPgGiNftRrU,46.85,31-Jan-2020
060045972436161386549932876290,288601240494716iWfYxCQyIGPJHMd,10.44,20-Nov-2019
026488231135731211470380989071,490218804843356toVYnWSFLAzybGi,29.4,18-Feb-2020
495455849250152621843287011259,136110817408457dkeaHvGoMVUlzYR,83.05,27-Jun-2020
645372121146156488119090079569,935697674570510vhTktnAPWHIgmDx,53.93,03-Apr-2020
812106456021620874032127751260,019917478412099IoXQmYfOlKWUEns,44.21,31-Aug-2019
071802138714938518434497162966,149834851837252IytwMQnSVlBqUTA,82.41,29-Jun-2020
338928251910350925792103919493,125709534790795BKLeigzRXWPDOlN,4.48,25-May-2020
272542549967887726140337717059,997987769216896mgGrDXuaRhStjBU,41.28,13-Dec-2019
647672389980969840143647497244,392477547107057twCusLJVkpHyOrY,41.52,14-Dec-2019
917693632078754328834474515154,402742650054478NTewbvPWMKaIQHh,99.38,23-Jan-2020
173557620927223037275384060725,331535068478871SQCntDruOmzdZFH,6.61,05-Sep-2019
556686552971058982609813163732,127307975625645MvrmtckCwZJxpui,32.98,08-Nov-2019
527711297989123156619999113276,967412544376557vSKXbCoPNmJLHid,70.78,12-Sep-2019
007508311240371606197183312107,704198312582434wmUZleFqEnCkbar,20.18,11-Sep-2019
154244116263412063896677116353,006983811102448etHoRzLvnYUdPVG,38.99,28-Nov-2019
866112656719575958435718090538,317740532824359ymsRopWJOchAMbF,48.33,12-Feb-2020
678918894105883299662233260193,548334064257175BlRdxoZmMEDenXv,12.61,04-Feb-2020
414954535290837648279384091224,760123757775475tmYcFagIwqJBieD,54.48,08-Aug-2020
960869320423217307380190518558,396906372414187zejHlgQXuYnbDOv,58.9,03-May-2020
382564356257332160293049315723,326088310028518CyoePJtGOAuRkdE,83.27,20-Jun-2020
036760045210076056278545693900,828938744042537JxbcphARtMHkrTa,33.86,02-Jan-2020
321822606406641048885163179193,902043986066806VvHILoCfeXbOZaQ,45.5,10-Apr-2020
900055690357278663941678267510,848764844154461hOVYIybumPzMeCS,68.41,04-Aug-2020
236794117574536067005494184675,133224701543608fdtQvICBRpVSNxi,7.63,31-Dec-2019
423075502272200961077432071239,678374728393556rghdWYxoncXOKCm,47.92,05-Mar-2020
018565828059570569523641548153,435204696278790WXAziKqmCGFebMI,82.2,12-May-2020
215579748812168475386947244645,710506875739389kScYMaAuyECKnFO,27.43,06-Oct-2019
084377010352852550762566287665,038796596666873qchYnVHfSwOgejv,71.63,11-Aug-2020
168255417556795993438592476917,945612795310314gVSZMycDvioljUO,11.51,01-Jun-2020
705725224794118567052836681909,674636380916254QxOWKBgbPNsmucF,84.49,03-Apr-2020
946137781963763001271448989173,714072840293852GhikwMKQLoldjav,66.26,27-Nov-2019
919437832147779102483154459669,844579514420445VhjikEYegCaTqZn,80.35,15-Mar-2020
728407130009093471649706554661,070238437408436xIVaqQGYuthAMNj,95.53,21-Aug-2019
084087427777777895572145884900,432592895123215QJRLfkVeYcljOdF,18.18,03-May-2020
206069920321196753823573391672,793147110503655hocvmpHKuRZfdtP,17.77,12-Jun-2020
350060149264355318282753279999,542965235434127WCnVGLuQmltpDjH,92.39,04-Aug-2020
718558456398486558674604813947,750985254216775newqLPrZCRXgzDK,59.22,09-May-2020
279348937807771170129625822034,766602418631250ybGtCmVEAsUwhdR,78.83,18-Mar-2020
289845338657145477124215621943,295189145547718imQYNvnbrARdatV,72.6,01-Dec-2019
407735543771997691261118659702,714445391450624GhZdFycKNjpYbrA,31.0,06-Jan-2020
998654425583413161760818516292,229037598703227xWeoCQONvLFZyRf,53.5,23-Sep-2019
668721792140843630005113028478,420603758143492XHUkfahIxMPVcNY,79.33,17-Sep-2019
969611851835048741543724399477,026735128723468SHYlnOKTXEDcIhN,62.54,04-Apr-2020
264699764907807512051888040189,158579641138925OUYjGPeCNtmlhEQ,93.96,30-Sep-2019
154462636094536414725231001926,376073765216942WnvYOMuEfqbLpSJ,55.94,08-May-2020
033371795297436749535617431642,510919857306153ePqUwVyRgWAZikt,33.34,06-Oct-2019
186159046015655044406891632660,889049492485428zUMZDoRihYFyGqA,77.45,19-Jul-2020
622222394317044345468293572616,324208183759962RDAEsYxaLGhqHPZ,41.82,25-Jan-2020
438084630691518008788137272926,198414482939147pVMZRTqmuWnDrkK,68.28,26-Feb-2020
415082928828955327400190059183,988665447891774pVIDBwPioGxthFA,29.83,18-Feb-2020
781916358549033977099757599588,058964124543613FibZadBqonNIAmh,58.38,03-Feb-2020
549254061649544008071415970501,621288320183175zUBPvHTNiYXlDeQ,92.13,11-Mar-2020
795532468016298891341731114676,689018250325924PsazJlhNGnVjxeL,31.24,17-Jun-2020
456499847652511907046994445465,146849367908428NwnQjUrABPHsxVq,31.34,06-Apr-2020
147665837290759752598763854451,454978226913917ZsRgSFBHOMyWdck,80.66,27-Jun-2020
862770935459581000061706257081,920270307890131UmJrIFTQbWwSOsp,99.89,22-Nov-2019
722253334921104536253284457022,928101611094816WlZLaOKpYxXykrn,15.61,13-Jan-2020
562217684337718816879994376495,023430377597785LBYkMQcAovrPRTU,23.67,19-Apr-2020
799802604109778264899007729438,880154367050522BMExgQeacXPfwOJ,7.64,25-May-2020
227888338944152712625379208132,620461780982286kNiasqTyUVcIKpn,73.26,22-Jul-2020
749605573579309549568044646734,965940404925314epbxndhvVKPXqsI,15.92,17-Oct-2019
416580387661892537630310852009,751230443279113IwhBOMrtTqynUAf,60.79,20-May-2020
161391539679188276386145779086,814272324649836kmqrbJGZtopHYOT,11.97,27-Oct-2019
933279499094547177755650302879,292468303281155atyxONRqbAQIFuw,49.38,20-Feb-2020
857328298631170019252792602628,321351150749082ToNiaSnRGBKDELx,59.84,25-Jun-2020
209781320393036897223835416800,538466042230125vkQNIwObCcmWPDl,97.54,18-Jan-2020
150115791408750026017577519230,940818025494136FbwRMvYPVoaOeCL,44.57,13-Jul-2020
485399632353083641975010546770,918177404382809OvuBfQZshgwJTRI,60.1,19-Nov-2019
518228463832743953007546442668,162677567182970KfqUFeBZROPiyJp,58.93,27-Jun-2020
487112385881668424220710374065,333090566315148KDcTnvfCekEzgsu,92.0,18-Dec-2019
987518450314373518703347953670,014602461803222BsvrJPhqlZyLeOj,47.62,25-Feb-2020
991925268329845839299098763274,313642400481693GtySYoODgmcKQBW,80.48,16-Apr-2020
932946106296248619182706630249,317183933023580YEjfGChBxnqMVig,35.18,22-Jan-2020
091237449183059998935306668953,906820214323639retFjNaTUzwfMbX,53.2,03-Jul-2020
526195530909252068715249207538,626207019568552DvHAfNbRxaBMCtU,41.25,23-Sep-2019
454988159805304394572386164514,910906188476898adhPbxtcTQrZLiM,8.61,15-May-2020
157055616734947790953012475502,799206325324178EMJOfLhnjavueKY,58.84,06-Dec-2019
862212716854675846771474518555,501742197867591WGOpdbolHLjrVRA,77.51,24-Jan-2020
443184877693265219693065201449,786040111560575qisutEhmxVFQnKk,67.47,06-Jun-2020
167974566804071990211465621528,436485303141844IVKfHxeOWtmluGX,59.97,18-Jul-2020
339092025983897512939896316216,130532955025934ORydcZpKSABGQCI,52.14,13-Aug-2019
707135309581342202040225468348,737946804597880qnYcaIEyQNumPUX,3.96,13-Dec-2019
623320778345435823061585496946,058863658169492RYkDrJvhwaBuPnq,76.51,16-Jan-2020
673588918759090564906953106357,534325327743795lxFkbtWPZoBjYNL,9.12,21-Sep-2019
409161168724767120559394488715,953821012158822snGJUaAXmRkQiuB,47.84,12-Dec-2019
728296931009232149881372129963,032585788127340jcbtrZpwRSdFqPG,85.11,15-Mar-2020
865225123349666516562086307176,184650293269852IRhEgqMztNucrTB,72.89,19-Apr-2020
757645100719951039821654960480,146157500244071jOmMGnqFKrwsgCd,71.34,17-Mar-2020
048416902886585139833975064337,263347837127137IAwuScKMXEeCBqT,14.45,10-Sep-2019
615252714694972241514354893052,697642717127336GxCBjQaTElVYKUk,50.82,20-Oct-2019
222827799365198706029324426063,597825106372061QpfsCYtElPegiNW,47.12,16-Jul-2020
304803875477136767478892894861,534323767894101BsftlmODoRMTjrU,33.65,26-May-2020
947607574300566192345497815106,109644758063139QjDIgimTxBuNKVH,27.59,19-Jan-2020
391932210940522624640086598423,841038915965402PXVholOCMnJGDbE,45.62,25-Jan-2020
552275839568139591058673299795,728918916792826SBAliLhYyNmsKFJ,97.47,18-Jan-2020
723346323356645233253898211060,144363758196932DmwUPEHWgZOfiXq,19.94,13-Mar-2020
590430607507321064655778994548,764911014740763apFKBTfEAlcXHNw,8.95,06-Apr-2020
480229116803706113277251645436,692753532968786AwzxGrFWElhypoZ,4.89,28-Jun-2020
469140826369561818597306718121,241985711673517VEDBkxwKtNpRuZQ,15.15,02-Aug-2020
443189546566640740647144468095,541261878280462RihUfXTNcquePaC,76.09,28-Nov-2019
595250424267533830598505149891,443322343411157yJwvOoGBuqSMAXF,85.57,25-Sep-2019
419453728138763553841481725480,184592239795953nAbsegVFatYXhjk,93.27,23-Oct-2019
015725520068494401351893399585,018167311288119WLFnkQJMcCOSReo,39.92,19-May-2020
835912701786390266477625637440,698019915185874YWSqFwNxIlaoUDQ,13.5,09-May-2020
112317220042767018529398080455,842229967154324lFUetHJAinsMgSv,29.86,27-Sep-2019
896525483992192861735761148515,405485546150608UVqCKsMbuBlEmnh,76.38,27-Jan-2020
968155699321907483158844754725,758323841467538ANMLwmCGdepQrhJ,59.09,04-Dec-2019
940161372675498383801033861437,171214050368067cuKIltohCxMsNem,26.41,03-Jun-2020
341287335078406798920291126911,911565429595205rXbLJMPxdZmtHGf,75.21,19-Jan-2020
317978669974688407761761698539,028542707604910jsuZEYvnfUMPOqa,25.7,04-Apr-2020
478328526216572823061147200441,812755775955057BYoqZWkLHtVjJUO,93.06,11-Apr-2020
403086051882748771791554938653,944790445006156MjNsHcKedIuTbDh,90.87,31-Oct-2019
299620364350801786050291047070,134629525637063CTfDQnswMPNIRKm,54.07,21-May-2020
115567763532017597906828103832,859879717723519bjmFeVGuypIWPUY,19.53,10-Jun-2020
165717838716899273958159352427,268535361748393iWjybXtPvGazsfr,87.41,03-Feb-2020
993405013204609621994908056108,849186287308755OkWRHdZEnerlfMu,53.59,04-Sep-2019
539204022034758737693410275061,144655541417092aGgbrZyzWVMKUEF,23.81,15-Mar-2020
053559768203182955953247574781,201974729564133XxIUYEgsRAcnGfF,68.37,22-Jul-2020
605651973333397907605976006017,674922825480037AkYwOTVaHGvXDjJ,43.34,11-Oct-2019
379497972562066339795840414430,369437680144348mfFBIlvnNGgeMyO,74.98,06-Dec-2019
732929311602936824933433071990,579701597364086MxCsmHuaAtFelUg,14.68,05-Jul-2020
437033795085572209487565139088,023918404138954gDmneqChwclaYHF,35.51,29-Jan-2020
332496760733781893529324354460,408399948900248MeQgYhcdBqWAFZR,95.17,25-Feb-2020
307513604332434468865452318286,853875518131743IcPgvRKbdqwVpEn,29.27,30-Jan-2020
190430685225389341563184617352,885399994766600eTvVWPaOuYKtGjb,60.87,07-Dec-2019
473365184771898373450887078390,176907766264250USDGsvoaFKmZtxJ,27.91,05-Dec-2019
509218686696755137184084099517,539535980017711ejvmpcDGHsTqVnP,56.25,13-Nov-2019
899199976024777534151518379281,730231263566539GnOwZsCuDWKYfHj,23.54,10-Feb-2020
675414333736034228873312915487,626945333382625xNzEfvHVhKjuUWI,77.52,02-Feb-2020
616244124418669887786914876955,719890885229155PFDoqJWbdklgVtB,12.88,11-Nov-2019
200659957839069572562349415559,484142539750145UQVyAIMrpYCHvtN,12.86,19-Nov-2019
662078875917238780203417655587,161896336629031fUAdByuhFQIVSja,39.46,17-Dec-2019
054381620766515184465158721943,204946147051266ifntwjslceIbukq,36.25,13-May-2020
081167186016880895996593561941,222895632454291KgiAtnIBsFMxpcS,93.7,10-Oct-2019
825799954543313144198534230780,612134106449625IxPisBHyKmJrpAz,40.08,01-Nov-2019
454407375474765276536026289557,071894098147386ULnsSzOulqwkHpi,85.63,12-Nov-2019
299140047613026421154462378725,518916039325464GkmDqaeKdUQXEBO,56.31,24-May-2020
644679176533130600424677752575,348136905707955PqDbrAkyGRVKJWo,96.22,01-Jan-2020
975276399096002680296196012920,306660701500873KQoJxXAezEqZvlb,92.39,12-Aug-2019
117689986793863445203899906983,815092238913672vfQJSuikOlLoZrX,43.34,03-Jan-2020
634446257831887680897685740566,599892319412458btRaPZcuHvzgImV,65.69,24-Sep-2019
677462768519225034548812698075,052976961623141yORandhBsJQAbPS,25.47,07-Jan-2020
769700305409571032322831487955,361433213099041IhOiElZgQHWoumN,26.72,14-Sep-2019
732419904156238037376284542819,435086310313461IrivHTenoOAsVkl,56.53,25-May-2020
321772595161488045898875989794,343206666615130bkuMhjDOGcTXdnv,43.44,13-Dec-2019
918091326595317869835159584938,796703435406886AJrPzSZBuXKwCYe,36.2,05-Feb-2020
860666029321775766836801821072,642463421646174oePXsNbAYdfUnva,59.02,20-Oct-2019
726774331244577091869152331960,359278549867561VRxCDBiafyrOnqu,43.1,23-Feb-2020
368559658701591143793136609850,230661676814999dBGlsfkDIXQFAoV,29.96,29-Jul-2020
161592331138471012369978802579,976435225897999VqhYmfSBCiZtnvD,27.32,20-Feb-2020
997961519300346053549317696993,548417650192924ehdSFkrCbQNfqlR,41.53,18-May-2020
766717989340482183033842864178,483826919787820cpAgGNLlzUXsFrR,63.87,16-Oct-2019
101437579120623004984802258017,994554726038325rQTqNCilMxnVwLG,20.85,13-Sep-2019
358995234147357929373460571353,040839532541851GuzhOygsSFWIvpa,60.71,21-Apr-2020
816977419395995296119537645582,460473782837064wySlDVXGHvbcqNL,89.28,05-Aug-2020
197067450380894337495677308095,409088809740667WwiQfPNvHZjueqT,35.97,05-Jul-2020
517861218856689020724077497170,205392474364295zCQbrBvOoDTmPSG,96.06,26-Aug-2019
260370153666152332657655945744,231652252108092GjwfiVXpQePtZIx,22.54,10-Apr-2020
865710057692909052086475951703,914602670384295ovJGVhLMmPUStga,42.36,07-Mar-2020
761535492891543017582550961143,302168892442813ZhXWDtHBAdgopKR,59.5,02-Jun-2020
305980026749565746907871751956,801674557230397gCPihjIBaToSQGf,98.11,14-Jul-2020
269062936494340289872122316976,735780827606804lENgsCaIifbSrVy,76.32,11-Sep-2019
161582288330003814508475409915,457908617737149armYfqhgGSzwZvN,49.16,23-Feb-2020
698103246279614896873035674805,929641018131629WzRxsicDTtjUFwQ,80.96,11-Sep-2019
526136429916721968898408277545,086847365710820MAtlFQKdVinNvZy,55.56,05-Oct-2019
983089343686011498417273348950,282508441149438IyjVUqnHKXzcwsG,76.51,20-Sep-2019
106935622059767906396684990512,961495452672610YZtWVfvTpkHUnaR,54.89,03-Mar-2020
219823952174488911566495623957,717433735154169FTZbCdSmsvKyhNr,66.18,05-May-2020
730108228065364593324322513933,687759207750453XtRdbOoqWHzlikn,16.27,02-Apr-2020
678691331880425473474308416286,215148588263689shdeXbgVGSMRUuP,35.46,14-Sep-2019
192073101525717505419835206857,971345892176754jgoWQzadmYXbIGK,46.48,07-Feb-2020
582286064737953865607328922446,379089690600459TVdhnLBsFYtkDfG,81.92,22-Dec-2019
721651121037375910452479245689,975752794017341ZwEbCgUHYsfOAVk,15.27,31-Aug-2019
473543393327389141558399131056,399455036141763CeVvKrIZdJbQTHX,52.44,16-Nov-2019
903562577119633957473604505747,530741126245911UZbOtCpSLuJYdTo,58.95,19-Feb-2020
995296931042523740174766044803,213439697858679iqxltGahbFfzJyU,55.67,23-Nov-2019
341268968951852564354715514447,145893167515540AuBgZPjXfOyDSsx,37.71,03-May-2020
708308647955858323075497506060,255849751560099cbPuDKORyvBqtJG,64.85,22-May-2020
256081771948626650136380282534,187385207713903FQxatmqDnAIJBoM,21.62,27-Sep-2019
512909678270308587492918498698,465983967302824ZnAGYywJgCvBxDE,74.68,19-Apr-2020
216522855677315108180210176743,269278357859395DGesdLCIEiAlXcy,21.99,26-Aug-2019
939842414232431620865727007689,380928363370826WCEVTkMbsQPSDZF,66.26,03-Aug-2020
929930883095382286468076791801,601094703720519BojrednAbVRSXpT,97.2,19-Apr-2020
623525694650593992652713358929,130940921436886RSaWdZnAKrwBhOC,1.43,30-Sep-2019
997089540532098531765197283323,684662942414952FMpOqeToiLPKcfy,21.42,21-Oct-2019
741653666665650359268980136834,083184800416963zDNmdTCFrfZPsuA,2.72,26-May-2020
968911228109099023968479252036,699946425291416jMUwnRqtFHyDhIQ,40.77,22-Oct-2019
513111963330554451374021853007,624929147538190CKdUgtSbXJyaIph,35.03,26-Aug-2019
411843034296007575333609093646,243141533914430tElozGdqrAYJmWP,75.18,10-Apr-2020
189740995780327399527751387884,240085288111275cuIJsWPmhLwvNjH,20.72,19-Jan-2020
130096864666243387317593968119,178872819651027EWnVQdxpqyZLOHN,19.55,14-Feb-2020
107594956631191697662448891327,870803618762113azHKBYJneQLRuTZ,54.67,13-Apr-2020
523939569708990023551308507512,872173196388923LqrEzIMaCvxRpXZ,64.35,09-Jun-2020
419145491172752587769137116307,130030465456123FpciVzdLrPCHAZM,65.8,01-Jun-2020
885729137323185517859489940661,581162139667497BvSCMPdWGwZkonh,39.5,24-May-2020
163129070503344527194954782962,806982697900518lFkzSDrfsLibHGM,62.35,05-Sep-2019
744240728155141258145069484772,336300894275732AhWDSQJlxHkCepz,26.1,04-Jul-2020
886130624656552634490695370923,501239049368169NCYjFOudVybhEUB,24.76,14-Aug-2019
794853902837933174883101011372,223651741222132GUkxnfVMspdogvW,69.54,28-Sep-2019
239532467675913979157957344909,616219871072975mFqBjQpyLhksOdZ,8.49,27-Sep-2019
352638902783443190108914142779,013047319318272hODryUlRKEweBko,98.72,24-Feb-2020
567311539605255602318151573581,626697937674297KbfjheUIvGYtcXz,86.14,17-Sep-2019
155188430412396116548573063290,719783482041214ZMqBJLeYSxzaVEs,98.19,11-Jan-2020
347833232793070668780566154104,765701247735140XqceWaIwfAVMSbt,7.2,21-Jul-2020
701653364667404793946327872178,519501957513920qYROQiotdXwESHZ,63.09,02-Apr-2020
923543851566379655700675003942,650464685707566NknBRmLlHwAsXGa,95.0,25-Nov-2019
089335900717547241104519127958,033707114664529xiKSjcQtmBTZbqE,4.81,16-Aug-2019
731089406922369599531851603707,433521584722365qxRfNlHjsAkSYBX,62.9,14-Oct-2019
795989456038274590910887012264,924951496963321BhsjKqYcUQJSMyX,73.23,21-Oct-2019
363518286030651832904440036484,069432681940765CLENHdfYeqSjViT,7.5,14-Apr-2020
374426942946976229928148448085,535909261608038vzDJeuOEYmtARoQ,3.32,22-Aug-2019
628890264154968208628404808028,348209231336331palzZvIrVnjAhGN,3.6,23-Mar-2020
728370218354670444216157005442,658828373693873ijXuWEzrpZnbPgQ,23.51,26-Feb-2020
589871132025883531228980722597,417312271255712lYNehFWuOcTRSGb,85.82,03-Feb-2020
703027391218224336994559980465,371614011062926YazQehvMuTmEVFZ,52.03,09-May-2020
444728089079095504989460532958,084693927043171NtwKIBjndrAovPz,69.31,26-Feb-2020
013538060123248938730919737807,182841477708970XNMDKEoYahLWbmg,76.43,23-Jul-2020
493188333287502394353548791367,342505463205538NbmLndXFYCBefKp,93.45,01-Jul-2020
464093134678899568652333268009,153286885845317PINRKfcCVYFroeS,61.28,11-Dec-2019
248763867874147872329866589242,614850408386846lHZCXFIMqkPBmti,52.18,23-Jul-2020
421665887781457452039851661436,405362016394535mQEGBvfPUbxIktd,6.4,03-Aug-2020
156033940409288795561843001997,437232119994880KZhWfcIvbsUoSRF,59.57,12-Mar-2020
593161906731050836869112026180,518065148836468DfpuncrMTxYhRWK,78.65,20-Jun-2020
335595218536535380747152929324,322811884034693ocHUTAWqeOgzKmv,41.42,14-Mar-2020
001328994347844672120648644234,282931196919943rYtFcKQLvnHuwJd,16.59,23-Oct-2019
032783395514053124009101639995,737500349797156kymusJRWZPTjMFc,12.96,06-Oct-2019
410892322274716411040487671975,712752216510368qOuQBKWwLlmpNXH,10.83,06-May-2020
519212315981591574503320991087,523295677793898BctNVnoMTJsYhbv,28.61,11-May-2020
008263032288006244746136157425,974390824009410BeJFagDGQtpNkbn,35.83,27-Sep-2019
967849511958979147099177170172,907098938720953KsjfTwloINkURdz,45.42,07-Nov-2019
466753950080612126767608454185,801566650710307hAvzDlIodmEjprw,94.41,13-Feb-2020
604206372686913571835876818975,880117558929150gipBOVbMtHSwFGs,73.34,26-Aug-2019
008657623277478529186130640540,069701683736793flEXhvMTgrFejzu,33.31,25-Mar-2020
790853523229242343839327147278,004820241381444taKWQIzeFOdynJu,42.33,08-Nov-2019
699770620899656711256337670320,676367975374668fyBpvOCJHzMcaXR,59.73,10-Jan-2020
991253925314576755474851573700,066984368061016utOPIvkdVDEbwfp,7.19,22-Jul-2020
440552350309857854496648553523,036469715619467CBozxeqamcUvSXH,27.0,14-Apr-2020
490371967726648373991186351935,098241110399177ENJXTtxUmiLflAD,96.21,27-Jul-2020
012664317104877964059194060203,486793330049419IFwxGyanAigNUZl,92.29,18-Dec-2019
518210944173507897738944577397,826735629605905UgnEZkvSaWxcOrA,10.55,07-Dec-2019
857849055692837139779777447437,311878272625974vPtKIGOEgeniJLz,88.77,11-Jul-2020
020772540056606016176940340440,619894580157821BKWJjiZGFmEOTdg,30.8,07-Dec-2019
660010861166335617743426761716,233993034717810ipuJCXNMeYUclGx,70.4,11-Aug-2020
194394890753938856785947377947,057876961782319ehMTjQglcKBLiay,77.54,12-Jan-2020
846998323717902405918368329238,634053664360851aZjTFxBGfkgASoq,86.26,24-Nov-2019
143078103721577362478373202308,810219027848061FlkHsQAOIctMPCi,72.05,28-Oct-2019
317472735762657854944387409751,629221059177772rQpCwTSMzRWLkxh,23.16,12-Jun-2020
596933220751199930937202280733,466335921282300PbDpvBtiamCYwfV,82.39,19-Nov-2019
790438345428398360491090009245,934080247955050FRrKOBqlyXjbucp,87.32,01-Dec-2019
202494653974275025646939130030,099659199862310SbyAhDEksvYdjJL,84.73,19-Sep-2019
264332894871412408053161912107,195406941195470QGKXApePBFZaiky,80.42,04-Dec-2019
098060994138880991525607849269,436951971558165QTSxEqzpogOretf,47.18,03-Jul-2020
107581219856804339209678824997,502957291323061ZiflxrEncqOUMRk,46.2,11-Dec-2019
584374674584585539606670034901,647777510210212YwWbRZtHIznLFhp,18.73,22-May-2020
170312167683533967520759979489,123993291335115XDkqvyUnTeWAZIF,73.19,14-Apr-2020
083406189536196933313486270207,545940247554334RdcQsgYbviJIhwL,61.31,17-Jun-2020
475744599469045521916259344267,879327706353140dVICJEwqUQPkfrg,42.57,11-Oct-2019
489965080408230829632623435502,895824833999774NwbojLAIYPVBqrn,76.63,12-Jul-2020
383384372749278589034912661764,550272993236118VYEqLrzBfswdJOi,69.42,09-Oct-2019
317880000424599635927195932985,808512724097703PbilkvnKCWxerHq,74.43,10-Oct-2019
198188101345940296421979523965,979337084079694PQqIHSUbiuExRYG,70.64,26-Aug-2019
730250746922967638492015956933,964568152433028sNzPeTtHadwhuWD,17.45,07-Sep-2019
794857699149706796500091879974,168536428047126NBZIkunmJGdjeYt,10.04,22-Feb-2020
718680223395050480386783594001,404505871968562JWUpeSkBKnGjdYo,72.66,17-Dec-2019
101239906780647409464506046177,662800014039898xafntgzMTNkCbSZ,54.88,23-Nov-2019
936816605019696963412438663351,267522367715542JBUIjrfCgZenAio,41.09,14-Feb-2020
595133732719728874248988187153,537437014533194qGrlUvFYzMZLCAg,63.43,07-Sep-2019
447504827698347280751997199332,419418184214080WsboHFmzxDBCaNK,98.36,23-Jan-2020
387718917628454840573647054211,904981123552936uRLedjpnUqOZhDC,78.06,10-Jul-2020
507012465244421329249244679293,215929584149792iJtgQNSfHDolxAz,12.2,08-Jun-2020
817104438254632197432469353034,936043171206958IelQzxObThpHjAi,14.24,08-Mar-2020
347238284101590719218114380014,011527741551744RpIWNklzjmryQOL,70.27,03-Sep-2019
000477634360423632361108625154,592987890303767grXemGTvjhRKstZ,52.92,24-Mar-2020
988116689609638464924237771029,413829188330141pMCJznIbxUcXYgZ,57.5,17-Jul-2020
874269076904885775687953689353,102453671862989BgdMYzaVrNkvAJH,80.88,27-Aug-2019
116665559748085944993987567365,997228993279467UCqwyKbYLXdotAj,71.82,21-Feb-2020
669648145031431559723534098200,460735045591331gNBDELmRIHUkFyK,1.77,19-Oct-2019
393796000212073124578892603034,604754208590056uinBGmpyFsxZNXU,22.81,06-Mar-2020
205832512098536594284819233723,622858727652036CiSNKyeapZQMIDr,50.1,04-Feb-2020
892462488922777225747436004259,601144371127381dBcJsTEtnwbDoZh,21.74,21-Oct-2019
387351485672312999185981099419,918142254867590sPWyzHVrmAgLIha,14.7,28-Apr-2020
438270310656941550021946026270,862667144518425BJEDYWKXjezbQvh,66.77,16-Dec-2019
052772390943103075905947573242,775801719226242BLEhMXwDpqYWUrb,89.09,16-Feb-2020
273282237030609915964470296994,344416989956653dVzDnSKPZohJLgH,66.13,08-Mar-2020
590524278262458932356504426995,108337349101894abCyGdlSIkLhABF,61.98,09-Nov-2019
585649782950844949820631258841,924038874286357NQxlbjpVseRvrZw,45.41,09-Aug-2020
194830488002119147499791796483,008745089709121RAaCzvltTnkiwuy,13.81,10-Apr-2020
664828799706183703007762615437,734431349939665gISsFdqZhPYAuaj,85.37,01-Nov-2019
482053926015179360876754600015,574731212455248uXBrpqWZFDEJCYT,68.02,07-May-2020
807786417465608555308445495857,577747920886259SAigfTGeDUHNCwo,70.3,07-Dec-2019
948375690914451539558790760998,985569708892130hnsFkmQWMUfBTKi,24.99,02-Aug-2020
252794870028466416619402661947,044916791285698tzYfgOLAScKbxyN,34.57,23-Feb-2020
518173745984192258430263413540,127389555008041TduQvGFBXxKZIOk,51.79,02-Aug-2020
420474418942004382971975512278,899272525311392psvyQbHVcdCSRlo,39.05,20-Aug-2019
073982154405978766641236982563,697700112447258rTnsUtgiclAOJIz,50.21,04-Jan-2020
061011771133277529722701816412,241211080222104BHWnviCaxuqKlde,79.37,24-Dec-2019
215188884671532194717660494882,493121751314106BqPdOEseiySjkxn,26.32,01-Sep-2019
682187213789106663162379718558,515932143958417fVaTIBKpUviMJPh,22.87,18-Sep-2019
142362044826147803192265602022,419351704693507fxzVSWZCerpQqjk,81.92,29-Sep-2019
627081599387134200740478491505,524857472878725lUXcnkqsbKTRvJE,11.61,22-Mar-2020
777785584476453574246923822801,398403346515923GjPNnsAOwQfTmUu,24.14,30-Jul-2020
542562792322060475491981001842,510646023478282qHlKdRFWChbxiwr,58.25,29-Sep-2019
175219117132016635254852646241,275152383606819rDjPqIxEmTKdive,48.53,17-Jun-2020
579512273020408277663226119967,691563194874989LdYPTsyIjDcRiwo,64.8,13-May-2020
680284882771783481588025443202,596346193971670hEDIPtqwykzrpvu,64.69,01-Jul-2020
819162047112046866368195605343,222418712430673hkwEdHqTCJevcRF,1.5,21-Nov-2019
793466598742644418111405813147,964246165921058dYgWosaReDrBQVx,98.61,02-Aug-2020
320932884849174361980118867084,456216840844466kMqeUJGVuIjLRQa,29.12,15-Sep-2019
594883733135774582699255775889,073316345093868mykqhijbQXCngNs,31.66,10-Sep-2019
265223047287434840647914082236,839975502264435JnAVrHONsuqFUPW,52.03,12-Dec-2019
158194806728404461021910303870,300586443922015gGvwtuPXTAmbEnU,69.64,21-Aug-2019
445816173527748926021908606169,687681333521863jneJxzNLmTWEGVK,71.56,08-Feb-2020
790882035118916939926852424372,481940092047914LPnfQYjOrXoUDJx,29.02,07-Nov-2019
744188690629348020195329954294,361414681419536xioSvbCspNrwDLY,73.71,18-Mar-2020
120601187878312524359665846106,980435557004606foJbTwnUSgvcPrj,16.69,01-Apr-2020
056806314754420943488758742600,922667500232137YoqUdwbfWpmhIAu,4.57,26-Jun-2020
500335558059649449823192292772,488470251180805FLjSDXbRtYfyZuN,7.61,12-Mar-2020
994280875740514835575264098387,299580994608874CozXZPjykqTEGcn,43.08,08-Jul-2020
554997311348929300938321889498,652026874124746nXhxHZMViKyfjdR,2.55,26-Dec-2019
767266993545744317519827390529,691412259032421gOfjcxTmebraXqn,97.69,01-Mar-2020
664544674472873489937473947585,316691192979005WHsjLVIXUMgDutJ,6.77,05-Apr-2020
554606756220403465067999698838,630246246361738OBJSANnYdWcLuEM,1.1,17-May-2020
537052597787108641261703057407,414638501785915GdHDuziMrxALYOR,80.07,07-Apr-2020
351466030977462793131740515541,119384290969381GTvnwasebpZHkuY,18.48,17-Jun-2020
898147560291508610424447511972,738543137071153vaGMYxIJEqVPcZd,88.72,05-Mar-2020
479258974678943391547905084820,092611431433425PHFkYqzgBsmLKJD,34.64,21-Jan-2020
601567265684300580283474215420,458552975513139VMjhzUkQpdYxoEr,23.92,25-Feb-2020
780373852630267853524500553290,246503438516403IcQDlMNpjWAGxEz,63.58,23-Jul-2020
932960539910432251920240530900,202220777505005vGaZkCWJtreKxFq,62.0,09-Oct-2019
944694358458579393187572512419,753497342266703VJgubQSFvkwKBzn,3.71,26-Dec-2019
684617409911919394465223878632,024663749786580mnXLIcxidDhloCk,74.72,13-Feb-2020
128724579487130978951273155756,194184897872075ZpvSPVUqbtkMeIH,9.42,28-Sep-2019
909253105562821174996141789863,569355173890615KpcfYmkzwQiRgyW,13.71,14-Jan-2020
505528635730226476764044252721,765041826770269FEUrgtoIMyHDZwV,99.69,15-Dec-2019
176204305097396707066718224110,022749792811569gNOrAUfaBxwySWl,27.64,15-Jan-2020
490785631242465983543879751600,535589680228850MYScorIfDjzOEdb,6.5,16-Dec-2019
233374182054882294321954202074,490309951036389lGhBdCqnQboXpcR,17.09,24-Jan-2020
221212131458215111889107635498,344538888801611ORHUJYLCzvihjrw,70.38,26-Oct-2019
625814843535199553228654015513,391758552832121FadwPsApqKJCDEk,35.61,11-Aug-2020
584954610188995947146212323127,338870524328871AXFauGgOTYxvCwS,8.3,24-May-2020
521417170322839954186528695136,961338695674287SVpEJIxHwWoNOyY,65.35,26-Mar-2020
193982395063321098150064616299,038854677652785vwfgInUuYNXShtk,35.22,07-Aug-2020
616404425449491071473007446432,779328475013795GuevkNtjJsnHmKT,42.76,22-Jan-2020
847774880576122756534111738559,029999878851996GdiPmyWpCFaDNqz,59.28,24-Jun-2020
637531253180845275138816581693,019433651695307VSIEAbBupdjFNkr,17.87,02-Jan-2020
859563820534064365273908971392,709554779555375iJgjQWKDqLmYVGE,39.67,09-Oct-2019
385834871694821726871639821119,729416804950148XyvAgpxOUtuCPNZ,65.93,10-Aug-2020
997721704496736064698164307186,773441036407577yCcdwWNGHoLQmar,4.87,11-Apr-2020
137342867574374631400360223172,002732963232279FyzCtjhSBwpAuEi,79.74,11-Nov-2019
566173416994649444047989943659,834826526887912YCDHLrpyiBPjFQc,70.03,29-Nov-2019
939636649320372802944632218501,207206370225662EjJZwHfegkSbuxN,22.35,29-Jul-2020
872722654872423683025906466549,515928628754208jSafkMOzCHwrloI,86.0,08-May-2020
391860859596714600430584040057,856930825484836vUaSdJlQkIGbYeD,19.85,12-Oct-2019
280249838241091838615288628399,191635433612331OsehNxkvRMcEdjb,27.53,30-Jun-2020
631830919681752140425695470299,274473860507745dDomxVRnBzeLUPr,62.28,13-Oct-2019
445178037778837178293756685072,876053088623885RCWvGtHxrLOZldT,20.05,21-Sep-2019
931139417424490289751895861485,945588768782290faZCGNDwqiJUYPE,25.52,29-Feb-2020
437297294367349499893053257381,945783575011579VqszuyrapXEbMRe,21.43,16-Aug-2019
265949561732744501856258435114,329011124563639euZhXPEUfFbpctn,12.32,12-Aug-2019
552074416645390418256214983897,578724676397676NDekfJtapOLjIlE,37.6,27-Dec-2019
929794370991305103466982125954,615193449408716OautWRZhpvelNbF,47.45,19-May-2020
556637055698938083662644901045,347035147211265JsdDgCKOyVtnGXc,71.71,21-Sep-2019
592304158058377047286108015087,353260385262696QOjAbkPLJKIwaUF,78.83,11-Mar-2020
449589695128132740527448368097,031529502512054aHjUxEBodcChimQ,65.68,22-Aug-2019
457839954981007972640365644432,741871092223395rKOcTQAgqFBXfet,61.26,23-Jun-2020
858671698711154601968566910352,643660695381972aHqXjAxnTJEVRYP,19.35,18-Apr-2020
810778833927289831254067147258,697184553950998FtuaIArSLgKvlkG,85.15,28-Nov-2019
451537568217413385747001494489,689544614349819JRkfVdSnaxBbgNu,55.76,13-Oct-2019
356251394940031650730609621215,850511745032665XAErBWOcwZlveJI,27.43,15-Oct-2019
493931038852801548919104140251,679041216156750ewvlPWGZERJTSoQ,95.88,10-Feb-2020
951881361029248668936497236229,464651844295982mNPUlYjAwcxGzoW,23.9,15-Nov-2019
488129796011237676832206285266,958386178375636zQBNjUJRbGYEonF,6.64,19-Mar-2020
033620495554842784375802934461,859216898064929tfsNZLKwTPBWObS,38.03,01-Jul-2020
102218394783159485797669219177,746895234583169YEuNBkoRMracVeT,49.76,10-Jan-2020
223774445626312764580298719138,510826700738072ROyIUKTShAkLfls,80.5,28-May-2020
868655105372493117973040795540,535601057009829BSoHKawCurhlnGW,38.04,25-Sep-2019
170405261251507631320891442508,222086929693215mApwkGrlLoHqOjY,54.59,10-Apr-2020
585249584369907298341928806020,815883522257111qeghGsRrtnfCXuM,46.77,30-Sep-2019
979794129922853027672246664622,928379271827637otrQuvxiJXPfdkY,72.41,09-Apr-2020
429196513039254461710074154784,762247585091275OfSNDjXHvcnwqhQ,59.66,16-May-2020
709901468374288069256890307855,047561705877133MXDYcvKuwjFTbWe,36.21,31-Mar-2020
790751477401252499429971817311,620253060146994edYlAEgHoiUrBsR,17.29,16-Jan-2020
937622129469900196061656371897,280652861642461gcKqTaChHwLyDZt,60.25,29-Jan-2020
627485598791419881428844987850,084486780471970qczmATKtYVhZPRi,40.6,03-Aug-2020
131556106772575607115225846129,713361296382077JWuVYCaIDNnRjhX,88.27,04-Sep-2019
965106753328671573754140164447,780456235352966rvxwsaeTOCAWMLb,6.08,24-Aug-2019
151338552683339056517760130912,513929949844671ENdjIBLAcOpteDH,13.19,04-Jul-2020
348541254743883152867810820165,277998380339161EzxRSqGjpwfAiuV,19.14,31-Dec-2019
573697044178281025942533659827,375353933531919MqglBjeWbAysxvC,84.32,15-Sep-2019
741602381096068822101461934378,993708116809225PiEYjMZnIxgbNKv,25.6,09-May-2020
461901998446431670422709297160,241921306544168gViYQsKUEtWcnAX,47.12,28-Apr-2020
090003152028182835915577286961,259007779301070SApGNkobgQsDHrl,1.88,27-May-2020
041735003014968748683512996754,763503321815837TLpGOwyXeJjcSdx,39.62,25-Oct-2019
292824589126942870986704695415,947018621144317kWINSTwmuPVciqK,12.63,13-Jan-2020
831709405569543274671853274793,201200097018382WcgAnviFRUoBSPG,74.97,03-Jan-2020
040959741093887808903268875389,671285465687779zUXCdLwtyefxOSu,47.36,25-Nov-2019
679345150289124789388521997230,769532745769870TnVwyogUkmYIrHL,65.18,03-Aug-2020
909418766941095031905033661325,922502132183021ZrtYCFsaITQkmHp,68.98,16-Jul-2020
988120436294187968599203433526,776582837626693UHbLOSxNzoncZtw,34.77,17-May-2020
149420008051930474576778494745,273060159648239zmAQnFEyjIBadeJ,42.25,13-Jun-2020
047314362635400537136157869200,821686928459596PdcieFuKaGVvWML,58.55,19-Apr-2020
014800806128680468933174367107,699881766731760KxrRqJuXnlLaCZw,47.04,11-Dec-2019
785464023568257801802812135293,913685253815032oXQZiypKVFClLgB,18.99,10-Mar-2020
753256809271623837624176327653,622046949864151zjlJaTYZvnpUQHP,10.04,29-Jun-2020
401774258304362592236771800531,020183984231444sBNzTyPFKJZWXgx,14.08,13-Apr-2020
156109652884825794292282270886,475443617550386NMtqXDRbihkGrYE,27.38,04-Jun-2020
839113780600860855221813860708,566513081036298bNoEhrpAvmZdwqc,23.63,07-Jun-2020
324682618171957866307858178577,261520274797131qpmQrtovGfYSTuw,1.11,19-Dec-2019
193422222075818336874435284068,866740666785095KYtAVHrNEckBOIu,29.3,29-Aug-2019
942429643809268409238541072751,590171413594252IgXbnQUMKSPGacq,96.62,29-Jul-2020
861652718028618085189119144249,872963673956068jpMIJqHYOBKfXLv,53.21,15-Nov-2019
428247338770920562619528375514,011943220660647sChHQcKUdnNfSDM,83.88,26-Mar-2020
119794781240600747605194266012,698812049293096zgqvMFEpcLGNQSe,70.64,26-Feb-2020
170342323218906692891844196615,332941548342855KjNZITtsOkloydY,24.9,29-Feb-2020
222568564699656171701018468896,307874104808134tGuEzaxKvfgZNLH,3.88,24-Oct-2019
399396251402296788262804249389,736416326227952aqzONQoUkZpyDIV,61.59,23-Sep-2019
892537013990926169318105290428,886955202415609MWhlcNeKpxngOqQ,3.86,02-Jun-2020
508460692838078941149175461544,926936174964566PWlCpeNYgrkmuoR,90.94,25-Oct-2019
874767948615642980510277406426,290004786169531KPcvnWdCqfXbYmp,11.03,05-Dec-2019
988022384406787847991705103788,748616201024842ZsjSkLCAvTHwEMn,88.97,20-Sep-2019
166728118636805283938156752339,998937822429307ZEfJbYPuXmhrpSQ,43.31,23-May-2020
310890476795972756872335345924,446325642260432dlJWHjtQvRbUYca,34.17,20-Jun-2020
453005027840640430748849658213,761350364092075tMLIxOokYwrfWTS,91.5,24-Nov-2019
469650689006800662013977211387,346450979676878aBWZAYCrnwTxNgi,84.19,07-Nov-2019
710026386004021474060078164520,090978604754198QBpblmuCNtnUYgF,46.33,07-Mar-2020
250954808151852187384004333039,085187680000922fgpvCNatGWIQbSk,63.01,08-Sep-2019
239453308829081505860793864706,631968766123094uCanQTOEhzptWUr,76.36,09-Nov-2019
713800799572104408065066666573,632754978455124uBOmCrNQyjLdJwW,47.34,26-Feb-2020
158097524097019919275740776844,059542892122422UMCwnYEWLNBbgcx,9.51,17-Feb-2020
435604677331003326400684857810,880242160058412xnWRmJzlYwPSriT,91.59,21-Oct-2019
228389716292018378619348937894,378624064410643goUztFcGKmDOVET,86.42,30-May-2020
168155290740112810371714623136,176598340303485eguJBDAIcdSXnpM,57.64,30-Jul-2020
812200018465227338955142189281,859845667688650zAbOsCJPrVpmFMf,92.78,09-Feb-2020
031332126883723401409417262553,155511390960746gGyBQVFIxWdZazv,84.89,09-Aug-2020
732425580801876994078782946093,997852964819969ynZHGgfTLPiKVmW,58.97,05-Jul-2020
212798808240080958073212909775,667303841848729GSefOhbVDYNLFqP,51.95,01-Aug-2020
325233653593183666650618405390,133572416673431bTrCKBGisRWQOgZ,42.13,01-May-2020
934105778852841134106090208375,711669839761027eVaHyCnLTvrwiWO,22.98,15-Jul-2020
407343912351175710514731430513,574826754484772urLXPoNWHeUiajO,47.81,22-May-2020
620963122326515858583158345859,051949941971600wQjbsDVuyRxSgOn,1.76,15-Jun-2020
784483834127128975202619122037,969458123651086AtedlPqVchJFLvj,27.39,09-Aug-2020
122955832687473376407467731049,657881725860006ntdhSYJIDPwzVTA,15.25,13-Jun-2020
849096658552034450530145161230,531047046014247aPTpJEteHwshldc,44.58,29-Jan-2020
076198320267384252107742733961,357056884045601iBTZCsbWUFDArov,15.1,12-Feb-2020
805469996413954591994951515894,812689085919342kBwOhUCruDQYFMd,35.79,05-Feb-2020
156166510146200199177202028130,457108221723731ATJUNFojCgZfSRE,32.27,16-Apr-2020
100999525117470892794824135894,011239192798072RlkxEtnbGKDqwLe,17.55,03-Apr-2020
477997716488488417730565573281,622074550889742uqmoWjiNhLlKZOv,21.97,08-Feb-2020
677866201388357771350582867362,465530939318516GiPtpZeIBOfaJzd,7.31,08-Jul-2020
659373710057602269790207215081,247828594713178ejivwLbynlpWhgX,82.74,10-Jun-2020
617920565149178383632825556373,653648643324163gVDYGXMmaznoKts,4.86,10-Dec-2019
954497786531325651266550191738,719235517454667AbSpzLPXTyEgJFs,67.07,24-May-2020
918170710859931602295025339581,214337412554914VADHvUKwmLcFWku,77.39,03-Aug-2020
325100351256127473981122523808,312531148178822hHLXwnrOaIjsVbW,25.77,22-Sep-2019
908404052246413995511688382880,195354449330915SAjQashqYpyXCEW,21.11,20-May-2020
516372174859107518045886964044,026174230117733WAdoXtcGgrCuKvY,60.12,12-Apr-2020
182233039762380894275641765945,927348079662404UelotcOWFnAkwHg,39.07,27-Apr-2020
257227945519319974763410764473,338155318728066rsRmlpLHaVXfMAt,42.07,31-Oct-2019
586724487300447606455123925960,456500318991264CQOyWVvDpcwGmUb,37.11,02-Apr-2020
154192740953165158612392504609,792073561006903qckwmbyroKHLFAM,32.36,13-Nov-2019
066514495030768795667685333096,277285651649842yvIWjsEUDgrCefN,57.94,09-Sep-2019
208351470457454720819179200408,375631390889903SoKulzEOPTGseyL,38.59,11-Nov-2019
883521998634808447835509383918,665721476960451ZVjEFkKTeXtqBfw,36.12,09-Jan-2020
883113107873275576446500527923,324501200208699HaCSltVUPXdrEns,47.93,12-Jan-2020
501798765008804168476892141566,563861058918108qatNUdMjPXIDmSV,28.08,31-Dec-2019
554302682859152336863509499339,039339808917038lfVMUnKECYxjwbz,59.44,04-Jun-2020
533949801390663212129943822096,168737939236453DrRLjiGBXPxCAFg,59.36,17-Dec-2019
534336457223428444442284240966,389381710272557utZLFiCvTnNKUQw,23.11,11-Dec-2019
129488787486452578141062577874,679168874391994kXmAwvjJHWfguFT,1.44,06-Jul-2020
299407637687378798966779210082,995106401947303ZpaGkyFXsotOjQS,3.57,27-Jun-2020
031891598447239339411388513602,966781700848914kgSBPFsaCNbEQLX,27.09,16-Jul-2020
487789647358204438093655963126,033693759935687gIBcOxeXwpHjKEr,7.71,24-Jan-2020
240221232357781996077193246879,383166789414369tPJKfMjXdEvYOig,4.61,21-May-2020
461642925157558398617232968476,681725199318132nJtuGWeSkvMrOxd,74.89,14-Aug-2019
357463498346893552834599913649,539676102812628pbRHSCUDPdtLAxK,2.84,12-Jan-2020
158999268920133538854903805111,133742085259426tirYXRwPVmIeovU,70.64,30-Nov-2019
207273910490938343859980402489,547219882826613gGJtVYNBmSRxZDb,89.61,25-May-2020
175952674600296994860587787636,218870195192893aVcdKgPnqetMIjf,30.37,19-Jan-2020
850972636788452040415002372310,747875423384674JNnBdHMztTKvEbq,85.92,25-Jul-2020
637201278935021075077867991250,801889567125815sZDACrvoUpjFOnN,97.36,12-May-2020
902065213050993934021631860757,369800922411601RkerivzWQcCGUNp,56.32,26-Oct-2019
796200892829634038316193212187,570722249644361gsbDrXkFMmYGEQS,58.31,19-Jul-2020
004664919440963656714513380728,584317914109789FikGeQOWoaqtShu,33.72,29-Sep-2019
047486012446543028022134269770,517397968050839eDIjAhwcTWkiEvY,26.68,18-Jan-2020
760154063967612091562801207880,413201255335599biXxlBRSEJZFGvq,14.53,18-Sep-2019
053157201657543008790306111844,149133306515586sJkQThxecKyOVqF,38.6,05-Jan-2020
548249850086819857411916775070,496807172154646ALKiHCeItqGUomf,25.19,10-Oct-2019
612701998052707366487888979399,836375617208410WLlMFjZofdxRYKp,24.59,13-Jan-2020
017745897888961063086815073416,605759728684017bnMFIOPGQWoBruv,52.8,09-May-2020
851285243455855136413373867626,144584111450031FQINSjpJAamxvZU,12.08,20-Jan-2020
397926611466193330140424189683,254459801089122HGvjweVxFbBNzau,29.67,13-Apr-2020
566631837292792231206185074756,926055672562208ftOKPTjDdRgYWUN,6.37,29-Jan-2020
495619683771401319688572366405,546487312637171GYtrdLAVSQsBJgD,19.49,04-Mar-2020
462544003199800441239073614623,565432564763156jGMrudJLHEtbUeV,63.76,05-Oct-2019
549944770337500456818197089486,737655317607492vrkHMhgCtUYKlLy,48.79,11-Jun-2020
507923544952883635327750948270,296485538473260cOpxRGrkNDHugel,96.78,09-Nov-2019
993235493402865288642886656788,539951457215418eHOIZLVEjYvgUkJ,98.97,20-Jun-2020
826952239313769460791602801008,651490217211059geWYEpGPmQBHilU,85.68,05-Dec-2019
537915814040744875155897399676,623262292735959PUWMLZzAtlTBkhG,33.12,16-Jul-2020
855617495022298436465567505416,158226586250105pUZyOihSTXwzQIl,44.45,17-Jun-2020
265793036157724496103826135993,526254122682409WGpoBmIPSDUbLAg,27.3,12-Oct-2019
209778756200076407218499343329,376623126997347iGmUftBcpxTXRWu,74.61,16-Apr-2020
222287627684922217686050995930,215054969143395AJEvtFxCYmgVqHf,82.72,26-Oct-2019
360962563385775707008768792748,646582579197713YMNpiKDaEyoHfCQ,46.73,01-Aug-2020
854179553681839228984380516513,159927131153126trLYxSpiQbTEeGv,72.08,16-Jan-2020
525389905480934621478094381068,401316733391612DSZHUQthJbniYfs,86.34,13-Apr-2020
983992354272812405907695554501,627086538361167iuxdWoEpgYNkBnz,1.98,15-Feb-2020
908319397155225625778576844158,555267793595893WcZvFKbozpRXujy,66.53,15-Dec-2019
306586649969842656843943020095,406801222574920lXAbsMYHaEwcrqf,24.26,22-Dec-2019
128358233586487930719140857431,607227647349766uYTpwEULlbvyIKm,82.76,10-Jun-2020
296388666349067022603260304527,195395700410972lrUhiqJCZNwdROW,69.93,28-Apr-2020
689599061786135145556141749729,675370906672044uJSCLxIyOGAMkhP,51.49,17-Aug-2019
738243855866832684991986687993,146489491559293JXxKNMYRtPcApEV,59.83,11-Sep-2019
279589434958317598542704956254,614011013098627AjShDuBbLpaJYCZ,39.55,24-May-2020
540074686779429604919544955517,805264344656517ANIXQesgSomUCja,95.91,12-Jul-2020
871694299739080445454391938985,223485520781622RBWkZOovTGLFscz,51.56,06-Sep-2019
734381851737795188141763823520,507648515720563TGJZcmLUEhbYApd,81.69,30-Mar-2020
891344938103279455945601207633,213169243447686kaHBElGDsKqcxCz,44.95,25-Oct-2019
282454828034375319555505470439,139988664892848hYSaeiCQLnHcjKU,4.61,22-Jan-2020
936526261988872358325507064363,195119027824017hACDnrwIKgtWSlf,50.49,21-Feb-2020
644235406297572800921444420863,182637938377136RGLMvublazAXspr,83.26,31-Dec-2019
458795575016143912365874694392,691511831219924ZYuSdLVejOWIGqF,75.56,01-Apr-2020
921580389593533227049270369779,864975606505746OxYkhsPQjglHZFV,88.46,27-Jun-2020
238856136555989641507184153148,646399374324530GOFSQREzjWITtbX,37.18,09-Nov-2019
235189097716883845154886460411,656684240146142iDWSuzVBTKrGxvp,26.1,30-Nov-2019
792342802822648276685436943049,782905848516049DTvdseELBugYJjM,85.95,14-Jul-2020
389337635940241137014835434971,448139391395184jlckzDTosOmAngM,5.69,25-Feb-2020
278312787868229561252192820213,280399531084483UEslqHFXIyoLpiv,37.04,27-Jan-2020
489319880322830860801167793678,748160570134033YlGtDCxvIpZUgEK,68.87,16-Apr-2020
222386844677188134836065484273,874474987239423fDgVeFcRwjNzEty,75.39,10-May-2020
975267451390749520154624036503,382001191406193FnUoigCzDfIlkrG,87.4,12-Oct-2019
106359199249972495019313717030,039133474800634wgEmfOBWXNxZVlR,91.23,26-Nov-2019
090902817427363522990169365582,773478975803353xWfIOAoHkjiuczl,45.51,20-Dec-2019
535231888042468780922727625431,739376021912164TzlJSrsdbWCNUhq,35.71,27-Jun-2020
785840669486158947194739749104,761967266887759CsegdqnDfXatSiJ,53.05,20-Apr-2020
930014512869763835516996073834,725259304328146WpLRQtxYOnSVZkA,59.04,18-Jul-2020
532048273054429426603111050704,986334611478985IriNFVRcdKApznY,28.74,25-Aug-2019
261228752075530921986973988059,044416028057489nCYJiguLtjylBQz,46.33,03-Jul-2020
726987691355164786017457460709,273455856257124cDnBHAJsPZfFekM,16.14,23-Apr-2020
586266056394611595942069007655,674818376970077FtNMBVhuHILRDwi,23.25,04-Jul-2020
657342401806382568787911234838,394499584866995sOfKJQPXYWoihyc,79.34,17-Apr-2020
552270658339484050501226620159,688290392590503ijEXbtvdHqQGOgB,98.57,04-Dec-2019
373164999698421980962119744546,963554707836540ByWzHqnLXRlrGme,8.84,25-Jul-2020
652204288739539015334965892612,715752310176960UGtbWxDvdwjzEfg,88.39,27-Sep-2019
644653883865073911699469160461,255197541228292oMsiKQrEdHWunTx,84.93,10-Jun-2020
698721489705639612688034449611,079399212995705mCvPMVnLlHUDTkr,32.61,19-Aug-2019
848126821319890140998409566925,776444375083896UyeSklZqEPKtDdn,68.15,05-Dec-2019
692396649147224677761926004802,224965915881034vwiOeYhzUfPqcpV,46.1,24-Dec-2019
418282951510020734712748944578,048007046584468CbYwJVgEqKhRaoz,35.96,29-Jun-2020
918775501790542199008090647442,935842984395043WchmbRtMYeLHsgf,24.6,25-Feb-2020
445459786476416836604722249174,726055964027484tKqRWBkHzChEyMN,11.04,23-Jun-2020
423756774158756120531113306406,758805135402988JQSEYWpfIsuAZbm,18.76,05-Apr-2020
095014371261585678857632191653,520388267018339ZhGOyHkxcXYEVqP,17.51,21-Mar-2020
351895641966336133871944279341,016689228829042nGIcwlYZTyExRAu,81.82,06-May-2020
777996216038608542379014888240,865832736918729DLroapbdHiJfxtA,79.59,17-Nov-2019
183500219849720686494459548872,125942224762009GkgpZbVxHKLOoti,14.39,24-Apr-2020
595864903643507569638757339085,033031993634856fdFHjkJpavLTVyP,43.8,29-Dec-2019
058339148023852377731953396014,646588059968207fnsJIEXgcWHFrUZ,78.53,15-Dec-2019
299406017640470344752032418195,471554887346640atWiZJgkArOyBlE,92.06,10-Dec-2019
624073880375425406722417935714,246078183011462zFhfvjWuHNwMJKp,54.18,18-Sep-2019
890078470547859885640200051238,939329053500622FDtvprnBQbLxYod,19.21,20-May-2020
910558982846291554575330951343,262414444622821mHbVyvtSfCDzaWx,45.24,15-Jun-2020
610077743569157589772455874686,702378348232344GDxJALwVyRhmBTv,78.28,27-Nov-2019
620613700904090634279729740569,909092084545148KVnNDURlXpzwtim,34.99,23-Nov-2019
920325674876209179401185734674,153040206126467EPgawMuXfylALec,1.86,06-Dec-2019
836812670617949748317310615120,710272167790173vyOpraANKkujzLX,81.36,24-Feb-2020
170297817182301779864783317883,176028234443294wvAJfuIYpbrzyLZ,87.8,09-Apr-2020
284951132960340295131375885114,538330736866829fdelRHKqOXTaQbm,51.93,29-Apr-2020
539940073322909555581607844275,301000608493497tvSojwscuMXBaHx,37.65,09-May-2020
483602791659750565374957583795,583369083459059subfBCqPTKndNXO,30.43,05-Feb-2020
244245556438252365243572416344,805838856920376rHSKzvqhwRDoWmt,11.59,14-Jan-2020
371916228516147397718566516814,288444893766089ZQiFoXHMbSydxRm,7.46,09-Jun-2020
269805552338366772030642882722,983493591718721VpIDzrFCNiLxaSB,84.33,04-Jan-2020
508120616634137936696954429179,555307701207753hvnDQyBeXgijpzO,32.05,21-Apr-2020
611715740176767312027080350758,566782686990360JeurmkgCEwPcZBy,46.63,28-Aug-2019
625157599355381282295411990779,318710747971009wmpaVIKvWMfPChA,65.68,04-May-2020
027871853259799896277497795142,997419525786486EOjcWCTFxoVPJqw,37.63,24-Jan-2020
147288469738168807314874461116,451048137219538yQOpPtzicMhVorx,2.95,22-May-2020
699821608326881966717209904644,378112598573067dYoKOCaEIgkVcJW,87.73,04-Jun-2020
289622174757344521184475348393,645891167815628pdyfgRhzAoCmNEQ,43.93,07-Oct-2019
938887133610610513014302165528,881311284507977njgdSFawlQDyLWE,9.79,30-Sep-2019
196877343725923640314902888708,238488251983683jeBZsQEiDoTlWwY,42.21,19-Oct-2019
614060957462783793191031237196,311050535616902SjruweFWtDfHKRO,74.57,22-Jul-2020
679579513550822882374561533299,542809681865801WfcHSwvMbYZayRe,72.73,10-Oct-2019
594798886039221296988760441373,047825247957256qlsLMpCcefKaFkt,39.34,22-Apr-2020
272997625927873800045657734978,413165418118589qtOQIJPRpldzTjs,64.67,30-Mar-2020
410974322118061336389445837822,826858965993401kXrypBFQuqjRegd,8.45,01-Sep-2019
101359651041813830902155754333,470726323382380seXiukwcYdomAbH,50.87,07-Mar-2020
940972494162507303093898179467,545515376554733MflINdSHXZTwJcD,8.98,30-Dec-2019
940373891068914051886891501962,328069957749201GcOkEJXHmwQZAaD,26.43,12-Apr-2020
685465044993932912471169918322,159953502470126VPnjfYRKialIgyM,1.74,18-May-2020
679190945514778169862392598687,392003826820486nGTuMIvBDehgomp,9.0,16-Jul-2020
310539683585580046808576117496,201839470379194DCgtcEdxMPZWhwq,49.62,05-Mar-2020
380015524026057065166983429127,726719955802598TsaSNVJmbcvGUoY,29.43,03-Oct-2019
583413833877967418023898757479,566970933757389qPbzgcEhMSDITUW,16.66,23-Sep-2019
813128231662035116430189547976,270605880783515QIhdrnzLVlNgips,40.03,15-Oct-2019
948679487384256991169830207909,296973181870926nrpGPEhujBZWYgV,1.08,09-Feb-2020
879609422213189621811645386711,605000034418855cyDTjLwAdfHKUzW,62.68,05-Sep-2019
318290578821183934761733427377,700451223557195QFjTkWEOoAUGhzl,93.92,07-May-2020
927058772402375713006766334459,073997672790695fsWCUSvcjkxQeol,62.55,01-Oct-2019
682695107386495343186894402683,569714752326292dXCTqMRsuwarFYi,70.56,13-Oct-2019
627152399173935413458334872568,520183459311364QkIPNeXBYsOqixf,82.25,07-Feb-2020
917938432987638571407651789149,601977236262190mlVXgzTNUcbeFhx,2.97,26-Jan-2020
675250188387680850755442101800,781675773447094wiZSQMutWzKHqhs,17.23,04-Feb-2020
967894152156731248931987185095,771080395688172qTHmghlJcxUXyKd,67.08,26-Dec-2019
826177389061597229779252576067,300583042634335yntXEdfpkqozPBg,5.94,29-Feb-2020
932432134751305455809840433434,298861959840745kfxAoWUqCzbYuLa,46.99,08-Jul-2020
818423362238474161744353765688,446038845360224beqHJQsFzomdhtW,80.83,21-Apr-2020
885918059683726326080323900222,274910082323189xYMVBcPGvDSjemL,7.58,23-Aug-2019
488662974692248672419207169371,717604663418333CLFWAJBuXGbRjmI,37.25,09-Aug-2020
596160831345220811276424290551,652863762503700wsXbFcEaUtGDChj,16.93,10-Nov-2019
973737161387880067926882056361,707028852461696TePpclQwusjXGfE,62.94,02-Oct-2019
969183910914671441885705297379,551039040732194pOCYvJRziTfxFhs,65.75,14-Jan-2020
660838474110293833862609956653,366914789362624mDhVCEYcRtzGaMH,65.88,08-Mar-2020
489804052213091459427697471320,350751570545729tHxEAaQIDpBSFsb,19.13,09-Mar-2020
361872889626471074325935632275,164511614278565NCWFjPtQAMGVEBu,89.67,03-Oct-2019
962791501660222577845465442770,177965744236884nhxTWjRGLacSEBU,27.36,11-Apr-2020
219956114724155302899912252912,663150756332086qDFxyWRnUiHoCaG,96.88,17-Nov-2019
355913074875949689330083393952,155947477166636OrhvzWYnXSUZPRK,99.59,22-Apr-2020
052012669017156460709038493550,011789998085462nQVPWGkcNSBZDjq,92.54,20-Oct-2019
942208584947033108452441803027,214595571018597XgpCbYctuEVMmWB,53.91,01-Jul-2020
259315345509804019755789617988,797700849213738qUhbrEBcYfxIVai,74.34,04-Oct-2019
240120490190531464232848998281,317122237200419TeVjuPDrNlMGHOW,71.73,18-Apr-2020
830518553796053937154373903811,446517508193322GVmblPZWkTYigNU,5.86,01-Jun-2020
427966244821675783075627464824,564490727135459DwTUbVYhxBiLakt,5.53,07-Jan-2020
635392225162006952143994911711,686121272170835nMJhivQBGlTOpEL,94.36,07-Nov-2019
294172451261391165608322072159,558642160078804VkYrEulPNUtoIvx,43.13,09-Sep-2019
032235068573238214724799579190,976099125576446TuxMFlbIaiORwfY,89.0,13-Nov-2019
874091822470023254529452179644,006184636916150ZVConQkqpiHgKLy,84.86,07-Nov-2019
377505637404281869755526030929,720791301644545bQPiKhtTpOcHqav,72.98,09-Mar-2020
665818072314157972259203067861,834919411731166GMWmXUKqwEoZhHe,61.8,05-May-2020
185574804180838055076804495951,626994460149316UNdKVypMSEDXJuz,74.24,15-Jan-2020
136560168320010546900413652443,032343674802710ojeSIqBLQJMlpTs,28.76,17-Dec-2019
385711599976746694888292763939,268138576355023evPHyczIVZbtwDf,47.34,30-Jul-2020
683946237910737119663179104375,407340302407537BEjCDcZSorgxnmH,88.01,22-Mar-2020
038370977127833196813863335189,754063351763666QJjmXfblHdatAEF,46.31,03-Oct-2019
093482387008093761998047558453,681728062108440FgZbxWKucnTYLIR,28.74,17-Jul-2020
134840542265867401194845887162,420343374913754RunjZdCOwfKirzq,44.07,06-Mar-2020
226253628652433448369193366292,954237668253572cEBLSMsVtXqRgux,94.68,14-Feb-2020
013963173878594710477904511062,620351767525882cYGtPWjuBDnioEy,57.86,15-Feb-2020
863369405227481577627586257732,172487131540564bYyVdSfZaqeFETh,44.57,01-May-2020
304582990656257567731061898740,518969628643141tOwpAlyvmFMDSze,69.83,02-Feb-2020
843506525670052062018452946342,551877439401517JyavVYdwQeDXpOl,43.54,04-Aug-2020
037304155539602335173188203835,905271374230847qQbcaeTgxotEGvO,88.66,03-Oct-2019
552269721567724922328659166735,211614092686930tZBTUhSGnwXbiNg,39.36,03-Aug-2020
362964867703698313535513508957,912837703504797YiyDtENbZFomUJq,33.65,23-Dec-2019
122231084391481342705230425803,030798820513967YWCNAcruZKHvoqf,58.38,17-Sep-2019
357347073688991683890195164160,118159633687645YcQndkTswrmNveH,68.32,30-Jan-2020
910228184208188770401417678911,244539119983028fHDVUyZkJMlhPWT,56.4,07-Jan-2020
932376401929393167697433162807,620400528223079jzwuUHcylGbPnYK,49.24,24-Feb-2020
487229550812547710096749248963,437536537359977OBdKZxrMRkSsDbo,77.4,17-Jun-2020
010724717579956318051461973507,645068604908703AetgbDRmzfUKxrn,89.91,04-Aug-2020
383521058740811849468126866366,918190948297794GqaTwMONVPKhmcr,4.35,25-Jul-2020
454212790234509175237755262693,857127810380926AtHvhEDzweRTcGa,50.24,25-Sep-2019
740770607573682086547718960478,458105639422287ZPopKQqnVkBIXFM,81.35,20-Jan-2020
198047225406920680850271525962,164019228275697WXPRJEFcGvolZxi,10.83,01-May-2020
461470261829970331179396050348,045066243335265qzwXfsJctuWCSab,40.08,17-Sep-2019
254027386030732643300736172681,616707726411349LhpuWQEemPGbnvR,43.51,11-Sep-2019
599254491639095079481291019626,117546599499683dRoNYjMCHJDxVZm,46.6,06-Aug-2020
743570126119199970032482595951,161937000241783UBrifZtpOylILVk,60.1,06-Jan-2020
443008937974886938356016020859,733939905495471gITQxVAuyPqsYUX,52.84,18-Feb-2020
819129086185178064609804217699,927566524002408KSVaGBngesdXzxH,85.02,27-Apr-2020
408684403543710172334935234652,591653401986637rkJtIKRqpBCbvPF,8.22,19-Jun-2020
321181570386981152769032455535,425760938269054AvdXMQZbFDPirjE,22.06,28-Mar-2020
678826310082450139179700161556,399087037849300EZQItyodbAfDOlT,40.3,26-Feb-2020
620685250709203067230883854675,262266269639896EKcPHhWiYxzJwZM,63.25,13-Sep-2019
305230126622353060309052193648,335901729786914ceUYofJzQHsgPvS,63.83,06-Nov-2019
982112895752363397762684854030,609398994156028pVnCaMLqAlWGvBk,60.9,24-Dec-2019
875552077968509830162282519146,105150844702373gKiodyCYbeNfZEH,40.56,05-Jul-2020
997418989662448376596794133343,092212476984648lXaOPFWyLfsNoCK,85.15,24-Jun-2020
821614163614373856336145448159,188919187869142AIWcmYvKCiUSFTo,88.7,07-Apr-2020
963560308179297008856785252815,517070344310236ioShjHepDQazrwK,72.15,23-Aug-2019
718913511057186125660093735747,312240850626795fHQankKcMmGUouL,65.1,24-Mar-2020
751943081020756909958793425662,218897893731655qZRlEsrSFmzHYMV,14.38,19-Nov-2019
344035704663407505861563848980,407568663741955TftLJiczwbOXCsl,17.6,02-Jun-2020
312903036347817591901458262316,294514196213472uZrzCxLJjRQoleq,28.66,08-Oct-2019
269466395760296519833030784019,920129560019366KMzPEfITHRAVjQC,45.28,01-Mar-2020
188262427485178194926656372762,068148147888689MOfZdYelGjicwVv,85.73,30-Aug-2019
467534488054935270041933304875,589079272036989dscLmpATUSODwIu,36.6,26-Dec-2019
923919217813836990522276682364,904964982543419IhoKvXjqFTpYAMV,47.15,15-Jan-2020
699747337510659807408238966042,007723433378045fqxVUTmXDOaolFR,46.43,07-Jul-2020
620105586525792967377597735781,728538626229703kNBXjLMmhtKJzgc,76.69,29-Dec-2019
295753148998526718373364192799,209053140487680gxPiUzNOMeTDLCF,17.18,12-Oct-2019
806245135106702686255385677006,694862999795407XOMojEgwLHxtKlc,38.12,15-Sep-2019
749685297990491311577932026542,970580218807902PipCvgwSaZBJqOM,55.11,09-May-2020
976451088007055144644106663489,766233381089307apUhMtuKLgvRVmj,41.25,17-Jul-2020
257018200469576184339185317888,715758682821810fXFjJgbEPszhoRd,15.21,17-May-2020
791033948442316540102784065239,767457170904181tHNQrWLvhkMslRB,41.44,09-May-2020
590883414259603136998026458482,754897879299100PoKCMgdnwEXivGT,92.08,10-Jul-2020
024490277770492712023402225798,672908304770052roKQlSubIkpJDaV,79.57,16-Mar-2020
402061530822869938997887928635,450918593394237UKTipdvmWzBnDMC,17.12,07-Feb-2020
107540403704207360512590654783,082837403708173XGCIpeHQtgvfFEY,81.18,18-Aug-2019
151104010128377112170907619552,836386007450328MqoQNaHWYtZXBRF,60.21,01-Oct-2019
320260262318952621535209495965,869606726925029jNqhiWeAJCTVwMg,81.87,30-Apr-2020
